relative_path,image_sha256,true_index,clean_pred,attacked_pred,queries,linf,final_margin
Aircraft Carrier/Aircraft Carrier_1.jpeg,534c15cdc91881132c991df827ecb25eae3e69ac054c6f3021a3fb79176f1a87,0,5,5,1,0.0,-0.5817025005817413
Aircraft Carrier/Aircraft Carrier_10.jpeg,29b007a760e443e84f1b51410a9fa8395f1af91a7950c922e59d60300957a891,0,0,8,87,0.030000001192092896,-0.0003369450569152832
Aircraft Carrier/Aircraft Carrier_1001.jpeg,317ad332ea275936a9a5ed36d9557081f98d8085d38e161437aa9a1b44470ff8,0,6,6,1,0.0,-0.8898706915788352
Aircraft Carrier/Aircraft Carrier_1002.jpeg,d37ffca4880e6ce890b499194435be56a432d4b5e07b57a29d228b96a477b8a5,0,6,6,1,0.0,-0.9999900460205091
Aircraft Carrier/Aircraft Carrier_1003.jpeg,fc1894b9e6304a47a3e0ce781abd681bafa3bcb25763edba0ea62d5918693dea,0,1,1,1,0.0,-0.9328023176640272
Aircraft Carrier/Aircraft Carrier_1004.jpeg,422b7b3ecb906333710f12d61469d43fa07eea0482befa4e2855f1a0743f6f9c,0,6,6,1,0.0,-0.9999995827674866
Aircraft Carrier/Aircraft Carrier_1005.jpeg,199f55965ca785d124554619095b2ac9632892e5f6a567dab573e09e4d23736c,0,6,6,1,0.0,-0.9687112803039781
Aircraft Carrier/Aircraft Carrier_1006.jpeg,3d3275c87198188942324aaba28f366edd636eaf4653ed03d957665c66ca5b71,0,6,6,1,0.0,-0.9989070885564028
Aircraft Carrier/Aircraft Carrier_1007.jpeg,8e2bd81be85b314e4ccd77c8266444f791a6ca781f0b025de87d0411e01e6de8,0,6,6,1,0.0,-0.9983727253775214
Aircraft Carrier/Aircraft Carrier_1008.jpeg,c1039d315ca4066fe2568c72634effe116c5644f94afc50b537d936a6ba5b3aa,0,0,5,4,0.030000001192092896,-0.053234606981277466
Aircraft Carrier/Aircraft Carrier_1009.jpeg,8ea999b2578cbd589182fef58e0d50f67bc6211b7e8c967f57fa234f33bbebe4,0,6,6,1,0.0,-0.9999999403953552
Aircraft Carrier/Aircraft Carrier_1010.jpeg,b88b5c8e761119bf57f2ec798ec9f68327eb7cfe225c0479826404bd17957b71,0,6,6,1,0.0,-0.994788265123816
Aircraft Carrier/Aircraft Carrier_1011.jpeg,0b92bc8c5c77acee0e88f996c1a2eefac6bc8898af21bfedec09bf0cf25c4c4b,0,6,6,1,0.0,-0.9964390385248407
Aircraft Carrier/Aircraft Carrier_1012.jpeg,b74f195ca0c42f3d9a706d312758eb4e67a43fb1dc2735991a97ddbdf48b8f84,0,6,6,1,0.0,-0.9999712109556947
Aircraft Carrier/Aircraft Carrier_1013.jpeg,76f4fec9485586d837abd76b64e10c72588f67bfbafba13d1e1af80b75c3323a,0,6,6,1,0.0,-0.8466076250770154
Aircraft Carrier/Aircraft Carrier_1014.jpeg,08d69ccf5bdd35093234e390b8b3bcfdea271ba767dd7230e2c13dfaf33c959d,0,6,6,1,0.0,-0.9998325705519603
Aircraft Carrier/Aircraft Carrier_1015.jpeg,b8c7f5c6d449eb56842fe7a333b0632d4c1be8fc4d8f31509f89728ba4105482,0,6,6,1,0.0,-0.9983288826844046
Aircraft Carrier/Aircraft Carrier_11.jpeg,53889d2da11d5d6e53c233e36bd0228c03a9b16a5b7d8b4809759578cda49f57,0,0,6,8,0.030000001192092896,-0.1416509747505188
Aircraft Carrier/Aircraft Carrier_12.jpeg,0ff06d4083b2f33aaddcd331a92146fdcc3e6ac6c1ae1b9e82ed82ed153fd5eb,0,0,9,2,0.030000001192092896,-0.37538377940654755
Aircraft Carrier/Aircraft Carrier_13.jpeg,955b78f579cd880630b42129682a92cca6c8ade689bf9dfd592a23a40c321076,0,0,5,482,0.030000001192092896,-0.0013519525527954102
Aircraft Carrier/Aircraft Carrier_14.jpeg,a0e31514e93cd2ae6117b784f4d8f2b55cf7d48071eda1ca31be81fb28d73691,0,0,0,1000,0.030000001192092896,0.9972240168135613
Aircraft Carrier/Aircraft Carrier_15.jpeg,b0cdaee531acfaba7027219fb4c039d50972e9321e9bce9a8d3a4cbdbbf9c858,0,0,0,1000,0.030000001192092896,0.3145691156387329
Aircraft Carrier/Aircraft Carrier_16.jpeg,039bf749fd277a87e60b6ec61b3ea4dd87ad06520e32e6da8c6db456c1b624d7,0,0,0,1000,0.030000001192092896,0.9994102997297887
Aircraft Carrier/Aircraft Carrier_17.jpeg,44a58bad2ea71b59c3a362f2265f46485bc9687d184cd23fa121201c7c20cbc1,0,0,6,161,0.030000001192092896,-0.011244595050811768
Aircraft Carrier/Aircraft Carrier_18.jpeg,2e3d248dde89c89d2f2c6f54028ceba14347987f72146d8df2784bb2e3cbc05d,0,0,0,1000,0.030000001192092896,0.7546975463628769
Aircraft Carrier/Aircraft Carrier_19.jpeg,9158d0098e5d8d8e27cdb5d98982616cb80a288b695f914da6d3a1b42ca30f99,0,0,5,57,0.030000001192092896,-0.030380606651306152
Aircraft Carrier/Aircraft Carrier_2.jpeg,343a8c21276c5a1dd5d6e670e04111f4d3fac09c47cb4e80b2efaf39ef2120b1,0,6,6,1,0.0,-0.9790578223764896
Aircraft Carrier/Aircraft Carrier_20.jpeg,7c409e96529d01c19b5a14e4a75a906b192b45913be486a57bdb6b49d44b17ac,0,0,9,440,0.030000001192092896,-0.019538819789886475
Aircraft Carrier/Aircraft Carrier_21.jpeg,537bb1b849e4721448c709c7526f253e19438519277ed808be5ca28af5353a99,0,0,0,1000,0.030000001192092896,0.5843589752912521
Aircraft Carrier/Aircraft Carrier_22.jpeg,6cbc42e51b68bf37da46cf6f7358f2aa28357fcabce871f14068a86f97280b15,0,0,0,1000,0.030000001192092896,0.9697075756266713
Aircraft Carrier/Aircraft Carrier_23.jpeg,197c828453aebb524f1a46d814429dd9918e7eb5264b2f8ba23a9c657f1323cc,0,0,8,137,0.030000001192092896,-0.002065688371658325
Aircraft Carrier/Aircraft Carrier_24.jpeg,ebe1f5de1b0283c7afa5b3714cb34831ac0691c65b75e7d3a0787f714ceb42b9,0,0,0,1000,0.030000001192092896,0.5101625919342041
Aircraft Carrier/Aircraft Carrier_25.jpeg,0cffb0493f57c5f748c1157c5595cd6810f6aef28bcf03c7dde1939dbf746dbb,0,0,0,1000,0.030000001192092896,0.9995896031032316
Aircraft Carrier/Aircraft Carrier_26.jpeg,27536b9f66eca8b0e0371cf654a1256b58d2922cc5d8a60b17106f34554510b3,0,0,0,1000,0.030000001192092896,0.9817915270105004
Aircraft Carrier/Aircraft Carrier_27.jpeg,fd58f2f3de977fc357405b8a883a8c3988186ffc4b6d45112af9c18d7d1c5d3c,0,0,8,47,0.030000001192092896,-0.22673845291137695
Aircraft Carrier/Aircraft Carrier_28.jpeg,e617d0b663243c1caf858985c8d1a6845c1280748835d32fa5024e826fdb2727,0,0,0,1000,0.030000001192092896,0.2606790065765381
Aircraft Carrier/Aircraft Carrier_29.jpeg,41eea939ceedd25509e39a2f41d21f99336d96dbfb8431529db1596d941321bb,0,0,0,1000,0.030000001192092896,0.7811775058507919
Aircraft Carrier/Aircraft Carrier_3.jpeg,869ab8ca93326756cf7c9eabb82e5a8fe0004cb1f55596698f1341a8a2ed616c,0,0,6,2,0.030000001192092896,-0.002028942108154297
Aircraft Carrier/Aircraft Carrier_30.jpeg,69a56345a3b2fa7f6fff8f858f1b32063f28d84aadbeea81ab1605e3518ede22,0,0,6,283,0.030000001192092896,-0.0038052499294281006
Aircraft Carrier/Aircraft Carrier_31.jpeg,72afa0b17c14af74c77b32639ab62588c80d63788fb2849ddc00930d3ada4884,0,0,0,1000,0.030000001192092896,0.9169491175562143
Aircraft Carrier/Aircraft Carrier_32.jpeg,fa02a6831286596d065cac033c2c1f41207bf80110ce2166a0cb1fbb03807d6e,0,0,6,366,0.030000001192092896,-0.04320603609085083
Aircraft Carrier/Aircraft Carrier_33.jpeg,b552eaf2a8c367885081a701698576c5e8099ff37ec822ae06912de5f379c31e,0,0,0,1000,0.030000001192092896,0.03728228807449341
Aircraft Carrier/Aircraft Carrier_34.jpeg,3174d5b624a955e6ff24e96d4e7a1d1d5130d856c52e3084cc8ee4142126b913,0,0,1,132,0.030000001192092896,-0.002490401268005371
Aircraft Carrier/Aircraft Carrier_35.jpeg,7d068bea9aaa3960b443746503db216a61a3ef6199d063203f41e9a0737f9af3,0,0,9,350,0.030000001192092896,-0.015409111976623535
Aircraft Carrier/Aircraft Carrier_36.jpeg,0bd892764ca43b0b0d064bd8bb6eb3e1ad8b1b93914f8d55aba6c2115ed85886,0,0,0,1000,0.030000001192092896,0.9488030653446913
Aircraft Carrier/Aircraft Carrier_37.jpeg,f1d78ba268cb2c06b1569ec107b77dfeaf317eb5123150ea87721087377bbe27,0,0,0,1000,0.030000001192092896,0.3235880136489868
Aircraft Carrier/Aircraft Carrier_38.jpeg,79cb5171d82e098a40930a518a77f1c1888148369be477dfaba81754b8a20bbd,0,0,0,1000,0.030000001192092896,0.9780124854296446
Aircraft Carrier/Aircraft Carrier_39.jpeg,e0568477c1227ac14e0561216927366c10d07296fbc695f9cbbcf736c3039123,0,0,0,1000,0.030000001192092896,0.9616875629872084
Aircraft Carrier/Aircraft Carrier_4.jpeg,da83bec0fb241bf3959ebd3a3483ca8bd793d1165744cd8a56fafd67fdfc7703,0,0,0,1000,0.030000001192092896,0.9222440011799335
Aircraft Carrier/Aircraft Carrier_40.jpeg,0f6aff469e8bbf757c35e7992f065dd78b4eb825cfb5f413efb925f325d415e2,0,0,5,390,0.030000001192092896,-0.0007523000240325928
Aircraft Carrier/Aircraft Carrier_41.jpeg,39714d269f2da015c6b0ff26e28ffa3d075868db399b365e91c42b02d2700b00,0,0,0,1000,0.030000001192092896,0.9975430648773909
Aircraft Carrier/Aircraft Carrier_42.jpeg,75cdcf870f202d60c1be0135f7f1c2dd8faed570790921328109eadc6e066cce,0,0,6,191,0.030000001192092896,-0.08442485332489014
Aircraft Carrier/Aircraft Carrier_43.jpeg,f44d9d19dbbac638dacb1b1dd28a0d73e684ba9c05a0c9f447e1e5fb46c06916,0,0,0,1000,0.030000001192092896,0.14084550738334656
Aircraft Carrier/Aircraft Carrier_44.jpeg,558d23bb84929669b10c484ff64031621fb969e9ce842c410e4a0fb331e41c06,0,0,6,22,0.030000001192092896,-0.038330674171447754
Aircraft Carrier/Aircraft Carrier_5.jpeg,154ad7c0c9f703d67e283d5e5377dee5836286b04dbd879bd58c3f58022af2eb,0,0,1,2,0.030000001192092896,-0.23104587197303772
Aircraft Carrier/Aircraft Carrier_6.jpeg,c296d8006cb6dd2ad723971be7df03c1b0414ba00b8a340c2c88536a6df025a4,0,0,6,16,0.030000001192092896,-0.005617797374725342
Aircraft Carrier/Aircraft Carrier_7.jpeg,c7dc77e69a6cf9091e20685db7ef4d91cb901064362649d10c82d3add9bd3454,0,0,3,18,0.030000001192092896,-0.3429635465145111
Aircraft Carrier/Aircraft Carrier_8.jpeg,6c5caa307c390698de27e3dcfda7d6699c486d33cfffff5b105d65ed7448b082,0,0,0,1000,0.030000001192092896,0.9391567893326283
Aircraft Carrier/Aircraft Carrier_9.jpeg,20ea0740aca1a3926c2149c262516a14fc79001b8f64a40e53757ea42cf604fe,0,0,0,1000,0.030000001192092896,0.29192104935646057
Bulkers/Bulkers_1.jpeg,43f486200ba565497a4c2acef43de95ba8c461f64c4dae889042b47a8de8c3ba,1,1,1,1000,0.030000001192092896,0.9410821031779051
Bulkers/Bulkers_10.jpeg,4341d2579e6f6eb66d532f632d556223ef68739fdf3cfbc4a6d2a60b22377749,1,1,8,2,0.030000001192092896,-0.2909053862094879
Bulkers/Bulkers_1001.jpeg,bd77c19f39175c6b100879d08b0eb146784d3267a2404f6b4bc72e570637c24d,1,1,1,1000,0.030000001192092896,0.9999732991418568
Bulkers/Bulkers_1002.jpeg,4fc8b49602cafa92e4c99fe1d6b28d10d915075fe205deccd2b5da94337dbd34,1,1,1,1000,0.030000001192092896,0.4561994969844818
Bulkers/Bulkers_1003.jpeg,f265e5069aa0a7fa386485ee00d59bd852c9b54132af8de66b28bfccbc61200a,1,1,1,1000,0.030000001192092896,0.16950634121894836
Bulkers/Bulkers_1004.jpeg,082f0ef54527c00d2b576ec364026d522a5bd81ee587a30c5b4eb0678b9678e4,1,1,1,1000,0.030000001192092896,0.9552280828356743
Bulkers/Bulkers_1005.jpeg,43766c29cdd82a7df941dc7b5c415d12c96704d9972fe1e63b51d2d38124f20a,1,1,1,1000,0.030000001192092896,0.41826555132865906
Bulkers/Bulkers_1006.jpeg,f43a6cfe9d97049bb4cd3836c2000378f3954cc98b370b5dd83335f718e33a7f,1,0,0,1,0.0,-0.04797548055648804
Bulkers/Bulkers_1007.jpeg,f4693454f351ca914354c9fa5d8fd480c12a5705b69a12d6856da94e4cd7a774,1,1,1,1000,0.030000001192092896,0.9897224418818951
Bulkers/Bulkers_1008.jpeg,2b0b60a84ab6e7b950c51da4ed3b6a5aad43ed66f18d44f126f9819176941c58,1,1,6,259,0.030000001192092896,-0.00932958722114563
Bulkers/Bulkers_1009.jpeg,f6d335fb4a137f9e5a9cdd15d3a21ae11898d3f292244318c166c8bc8010c2cc,1,1,1,1000,0.030000001192092896,0.5978687852621078
Bulkers/Bulkers_1010.jpeg,72313b562d1843bb65f05e1d6a405e352911d9704612d9a6d5c99861fbfc2951,1,6,6,1,0.0,-0.9966943142935634
Bulkers/Bulkers_1011.jpeg,ae25bc6670ede01a1a54a5e6fbbd73f1793ec439df4b800030a96af62147bb3b,1,1,1,1000,0.030000001192092896,0.9999094241647981
Bulkers/Bulkers_1012.jpeg,7dadfcf5794007bc88f5e821c88c69dcc4be836b7853d63ec4d5e2f5a8d99f9c,1,6,6,1,0.0,-0.9999997130363525
Bulkers/Bulkers_1013.jpeg,5bfa86679cd70d2df5c2771a05fd2856ddfc948fa1588ca1ccfec03cc64b03e0,1,1,1,1000,0.030000001192092896,0.9982082992210053
Bulkers/Bulkers_1014.jpeg,6de76b1227a3084cdea5dd2329fa27542396206c3b9e9f5d93feac7d8517d057,1,6,6,1,0.0,-0.6590625941753387
Bulkers/Bulkers_1015.jpeg,0cc7b8b3d1bd3a49cd25e96f37b4a8368db8d757289b890dab6af29b852c3e2d,1,1,1,1000,0.030000001192092896,0.9942119389306754
Bulkers/Bulkers_1016.jpeg,bb145acea5869d7f84e62c2cab6be02a9aced93e1e0692ab52bb58e1d37cd13b,1,6,6,1,0.0,-0.6889131367206573
Bulkers/Bulkers_1017.jpeg,d08809665d4d839fd68e47e31aeebfdf8a0f7d878c3ba79bf82d1fec8ff4546a,1,1,8,12,0.030000001192092896,-0.1314777135848999
Bulkers/Bulkers_1018.jpeg,dec379ce5387a60204d303275c77e091353715bd67ba8f62af38ba5331c21725,1,6,6,1,0.0,-0.9982562372460961
Bulkers/Bulkers_1019.jpeg,9d1b918c5b93a0843fb8b47370836674ec57a1474cb500846db146d4148496b2,1,1,1,1000,0.030000001192092896,0.9992707104538567
Bulkers/Bulkers_1020.jpeg,5231d18408b288900647a13e5756b0208b39b6e46e14834e5fb2b75cf6c65a5a,1,1,6,895,0.030000001192092896,-0.00018358230590820312
Bulkers/Bulkers_1021.jpeg,2ada96d9d6a2083954ad18042719e9342f13afa0d073cb1438732d5716a20a3d,1,1,1,1000,0.030000001192092896,0.9980352782877162
Bulkers/Bulkers_1022.jpeg,012adfd8546853dd974e7a3f9a75948028e8060b3169baf1e0dd881870a59760,1,1,1,1000,0.030000001192092896,0.9543058294802904
Bulkers/Bulkers_1023.jpeg,1789aa7ca444553d9d9a79788ec32bae7f2d0b7ba1c6cc449c0f03932c33bfd4,1,1,1,1000,0.030000001192092896,0.9995176900411025
Bulkers/Bulkers_1024.jpeg,97c531e054c88e8ce9dcfe6165d1c63d1b07a492c56cc48a81b5af49ac923a0a,1,1,1,1000,0.030000001192092896,0.998946356063243
Bulkers/Bulkers_1025.jpeg,e028c8552ee136e8be340b8e050177f1c690ff56e69352afd9e0fdc7d09a59b0,1,1,1,1000,0.030000001192092896,0.42601266503334045
Bulkers/Bulkers_1026.jpeg,fa5d64885c143cfbf20b92565877e33d0c9b4468cf83c495de14786996382086,1,1,1,1000,0.030000001192092896,0.9999889635478212
Bulkers/Bulkers_1027.jpeg,826cac5b5328344c5f652270b710f8f5e3b866ff64ce9382e5c7960e33198a1a,1,6,6,1,0.0,-0.8425752073526382
Bulkers/Bulkers_1028.jpeg,8a519e36c4fdb1d07836c3ccdf45229950cd4b8761fa448a8fa66726b84b895a,1,1,1,1000,0.030000001192092896,0.9777767397463322
Bulkers/Bulkers_1029.jpeg,759108357cba68a7990a2303d7e413574d7b047c9f6c0cdef3ff29d6e9c286d7,1,1,1,1000,0.030000001192092896,0.678748294711113
Bulkers/Bulkers_1030.jpeg,4c29a5024042bbf00e40e15e75c2e364bd449dbefbab6c4a5262b377e012315a,1,1,1,1000,0.030000001192092896,0.8951871506869793
Bulkers/Bulkers_1031.jpeg,7b6e97d9623fea53e3e97b783ef53b542c1e8695f814c93040302bc1816a0784,1,1,1,1000,0.030000001192092896,0.8390939682722092
Bulkers/Bulkers_1032.jpeg,ecf599c366090d63e35674048a236e8c20fd11bf6c2f57cd1c963342caac6e67,1,1,1,1000,0.030000001192092896,0.9381145518273115
Bulkers/Bulkers_1033.jpeg,564fcece6a44be2d981b7503457a098bdf6e20e33c4756dd80f47c8a32b4b8fb,1,6,6,1,0.0,-0.5262346118688583
Bulkers/Bulkers_1034.jpeg,b388aef79a494f819d49e4c4fc57d2d798091f682006e334ea780d82f8d27002,1,1,6,12,0.030000001192092896,-0.014326930046081543
Bulkers/Bulkers_1035.jpeg,bc2eda6e04c21714eb24c32cc5920b8a5ac0718bcc0806b6e5a57019cbdc8711,1,6,6,1,0.0,-0.541516900062561
Bulkers/Bulkers_1036.jpeg,6999caa603fde4b2b94ebdbccbab52c12b5fc977be030418db0c840f02e644ed,1,3,3,1,0.0,-0.10747861862182617
Bulkers/Bulkers_1037.jpeg,759108357cba68a7990a2303d7e413574d7b047c9f6c0cdef3ff29d6e9c286d7,1,1,1,1000,0.030000001192092896,0.7048978954553604
Bulkers/Bulkers_1038.jpeg,d1446eea895c680ca3e9770de250c9051f424e6ed93aa88b4b8c311ed4752036,1,1,1,1000,0.030000001192092896,0.9937506937421858
Bulkers/Bulkers_1039.jpeg,ada05e7e8305a3eb22125e73a3328eca004d43e653d3829a84bd0ece41c20aaa,1,1,1,1000,0.030000001192092896,0.30440494418144226
Bulkers/Bulkers_1040.jpeg,a642199b6e108a9393cdfad61ec6e8b8ae82b65e86416865d89b432aec396c14,1,1,1,1000,0.030000001192092896,0.9733560914173722
Bulkers/Bulkers_1041.jpeg,5b9d7cde8b24c16de15a458ad3d6a2702ed39fb9bdfa06ddd5775a3806345f71,1,1,1,1000,0.030000001192092896,0.9992540266248398
Bulkers/Bulkers_1042.jpeg,c3a77a09b52c1a978ed20e2f6570bff3867fd954b799b76006279dcc6e8acf4a,1,1,1,1000,0.030000001192092896,0.8971159383654594
Bulkers/Bulkers_1043.jpeg,1cd069d8dd0bd2b53d7d0d7c3dce9bd3cc34059c0411884ab66c43ca37604537,1,1,6,21,0.030000001192092896,-0.01192435622215271
Bulkers/Bulkers_1044.jpeg,4b9710c1619ac5b2ad9fdb5588dc34743ebe19e9caa6c282f0916c1e208dce16,1,1,1,1000,0.030000001192092896,0.707432895898819
Bulkers/Bulkers_1045.jpeg,61959964fb2bd3bacf73fd218aed8d5e8b4d0fe19c14208bb397471b2d9459c2,1,3,3,1,0.0,-0.9871458248235285
Bulkers/Bulkers_1046.jpeg,01f64811704f6a40aa13763a378b6eee257c84c584eff55dc32387cafdaa02cb,1,1,3,77,0.030000001192092896,-0.020310014486312866
Bulkers/Bulkers_1047.jpeg,8929d95fbc9514f0c8bafbd1fa97a35cb1d103932de8f39792e128af34825892,1,1,1,1000,0.030000001192092896,0.9467920679599047
Bulkers/Bulkers_1049.jpeg,5ab9d2a3e7d24fb56e1521cfe9279d9d4cfdaf9ba6af122ca2fb7489bdc34d5f,1,6,6,1,0.0,-0.8553087431937456
Bulkers/Bulkers_1050.jpeg,19bb31fab72402f2f226846e6ea0275c1b6f8385c0cc3b1b9356f3de6dce5987,1,1,1,1000,0.030000001192092896,0.9979099397314712
Bulkers/Bulkers_1051.jpeg,a5687bf10508162253f686c67d222ea3885e5753a247b63c3b9c08db9b47ac87,1,1,6,2,0.030000001192092896,-0.15800172090530396
Bulkers/Bulkers_1052.jpeg,4dbc231228661eadbc69b1a8839ee2f6ba9d70473fab8d0f29e94e03a91acaec,1,1,1,1000,0.030000001192092896,0.9993431569018867
Bulkers/Bulkers_1053.jpeg,19a7d0359391de212fc726275239ebadc94c4d0d9383122bb4523db32101dfb4,1,1,1,1000,0.030000001192092896,0.7999453544616699
Bulkers/Bulkers_1054.jpeg,be7750630666bf17da063d75524acabb2e4f6090df1a31a24dc82f479b0aeff7,1,1,6,57,0.030000001192092896,-0.008027374744415283
Bulkers/Bulkers_1055.jpeg,58a3543118b351c5601852bd47557489d7cf74ee5c493687e08da56cbcc562b6,1,1,1,1000,0.030000001192092896,0.6288875788450241
Bulkers/Bulkers_1056.jpeg,b6c246802087fafec224f8119f631deafbdca940040ff7d2c5b606ecea964bef,1,1,6,57,0.030000001192092896,-0.0006759166717529297
Bulkers/Bulkers_1057.jpeg,485aad5606e1f2a1aaaca03901b2709c8ac8725f1d993f6fda4a91423bb647ac,1,6,6,1,0.0,-0.9845113302581012
Bulkers/Bulkers_1058.jpeg,67e23569a1d8718c129866890c2de3e8f7b44b55db181de5154aa87b1295d810,1,1,1,1000,0.030000001192092896,0.9993077691178769
Bulkers/Bulkers_1059.jpeg,c12d776e0e420fe8922d0777190918bcc47a2fcbbfa0ce123f34f3a342aa5646,1,1,1,1000,0.030000001192092896,0.9465703517198563
Bulkers/Bulkers_1060.jpeg,8cece84445126bdd7d69f608edef6d6bbbed1f5892c8695f962f74fa97f677d6,1,1,1,1000,0.030000001192092896,0.7790097072720528
Bulkers/Bulkers_1061.jpeg,08463b83ddbffd4ee41c612602c371e367716dfc43aab3daa5287d3196eb1bbc,1,1,1,1000,0.030000001192092896,0.9981020596460439
Bulkers/Bulkers_1062.jpeg,c79057bab9927af967b0486298dda967c4fbe14b2bb9edc4e9d2d4ede03b5fcd,1,1,1,1000,0.030000001192092896,0.9266635589301586
Bulkers/Bulkers_1063.jpeg,43766c29cdd82a7df941dc7b5c415d12c96704d9972fe1e63b51d2d38124f20a,1,1,1,1000,0.030000001192092896,0.2297443449497223
Bulkers/Bulkers_1064.jpeg,50315ad53af408fa0caa74b72b6925eb3dbd43d133bdce7b084306469b5606e0,1,1,6,743,0.030000001192092896,-0.002001523971557617
Bulkers/Bulkers_1065.jpeg,945e9963ba876bd9232bf7f28d05ce68a9efdc199a0a0ec7430268580d685890,1,1,1,1000,0.030000001192092896,0.9981465727905743
Bulkers/Bulkers_1066.jpeg,59af2b48396120d6813228ce4582d615ed51114a0a468fc45353da91ccb2c4fe,1,1,1,1000,0.030000001192092896,0.9996724702359643
Bulkers/Bulkers_1067.jpeg,5f631e695a1427fb2e640ca101b19e5a58280b01a2bb16f60e5f2dc3cec0b34a,1,1,1,1000,0.030000001192092896,0.04622715711593628
Bulkers/Bulkers_1068.jpeg,e3081d16fabe8cd62d95acd4a1620aaf264a779df7f444b4663ba4c38eb3edfb,1,6,6,1,0.0,-0.43358150124549866
Bulkers/Bulkers_1069.jpeg,7b6e97d9623fea53e3e97b783ef53b542c1e8695f814c93040302bc1816a0784,1,1,1,1000,0.030000001192092896,0.8684064820408821
Bulkers/Bulkers_1070.jpeg,7b32aaec4c7df4e4da7f60253303fb5a39e1cd6bf5d1795016865bc50279e360,1,6,6,1,0.0,-0.9273305311799049
Bulkers/Bulkers_1071.jpeg,0ac57172973750373c36ac07ef3dd68801f20886769042d284acb2942ae490d4,1,1,1,1000,0.030000001192092896,0.9986644770833664
Bulkers/Bulkers_1072.jpeg,63031519d008241dc97ded758783337f54029dbde6f3eaad007b06b109935ea2,1,6,6,1,0.0,-0.9999941904401339
Bulkers/Bulkers_1073.jpeg,fa5d64885c143cfbf20b92565877e33d0c9b4468cf83c495de14786996382086,1,1,1,1000,0.030000001192092896,0.9999949283073875
Bulkers/Bulkers_1074.jpeg,a604c0d40286d95e0c27bafcf24d93e4a4a4cf27b96dddaad1d15f421d17f153,1,6,6,1,0.0,-0.6824453771114349
Bulkers/Bulkers_1075.jpeg,2af35158e4c8af4e08cbbd96c1333e69a9f30680361da1eba87858903ed88671,1,4,4,1,0.0,-0.8898529196158051
Bulkers/Bulkers_1076.jpeg,7a5c0e1201cae8a25404c7c20caaa4e6054cc25ba5c4fe6ee51ef9e5944b9811,1,1,1,1000,0.030000001192092896,0.9823295464739203
Bulkers/Bulkers_1077.jpeg,2011bdfd1acdd17dd2c16b52ca3fe5ea0d32c908775d5fd5bba865770370323f,1,6,6,1,0.0,-0.24514135718345642
Bulkers/Bulkers_1078.jpeg,52f00270aba93d0e2dd277d211ad50ceea8cfd01f4f3309d8c917507016906dd,1,1,1,1000,0.030000001192092896,0.9237082339823246
Bulkers/Bulkers_1079.jpeg,67270f4de16ee56fd5f05da762f0fd6e51cb61d01e47c72fc5e8b14eeffbbc5d,1,8,8,1,0.0,-0.5850276499986649
Bulkers/Bulkers_1080.jpeg,d869cf553ac37eb01a32515b5b2be36e748c822790a2bc5a6e5f94fa59ce9888,1,1,1,1000,0.030000001192092896,0.9978525340557098
Bulkers/Bulkers_1081.jpeg,ee15bdff3cc32433f2652cf54906ab8d5bdf848dbc817f907fc8305500ab7be0,1,1,1,1000,0.030000001192092896,0.9998674148519058
Bulkers/Bulkers_1082.jpeg,df30ee30377d14393fbab8efb57c49614f28ead16275184863af37dbded2d59b,1,6,6,1,0.0,-0.4638501703739166
Bulkers/Bulkers_1083.jpeg,2756484d4b60dfd4c49db521e9abe717250faca760f4fb9ef7a09d6b3a872004,1,1,6,301,0.030000001192092896,-0.006384760141372681
Bulkers/Bulkers_1084.jpeg,c90c2c642d4cc8860ec6983c38147123cdcd33880b15ea12652880c1306815b4,1,9,9,1,0.0,-0.48564236611127853
Bulkers/Bulkers_11.jpeg,c774c5f702dfa8e8ce9cd112850b592e6ea27106e6eb812d108ee8505a04e552,1,1,1,1000,0.030000001192092896,0.7244881689548492
Bulkers/Bulkers_12.jpeg,b345fd4790e14643240f5419ac82455eb927605da77d112c4c3f551fd8aedd75,1,1,1,1000,0.030000001192092896,0.9993688346876297
Bulkers/Bulkers_13.jpeg,fa798352bee17aae3bdd7004e086a390bcbfef7443e9fb2dcbb98137d3beb35b,1,1,1,1000,0.030000001192092896,0.9984210463589989
Bulkers/Bulkers_14.jpeg,bfbc39abdc6dcc270bafa702bfc8e2be4ac97c45d01025ee5fb430b7f9ac8951,1,6,6,1,0.0,-0.7489388150861487
Bulkers/Bulkers_2.jpeg,ee7792144d5f5bb57c820053be8b9f4a457a1fdf1643090cde5d446f298087f1,1,1,1,1000,0.030000001192092896,0.6994467228651047
Bulkers/Bulkers_3.jpeg,c2bd686be8349cfda27fe303eda7189b97e7be70df1189c86b87cbc658e553e4,1,1,8,24,0.030000001192092896,-0.0014857947826385498
Bulkers/Bulkers_4.jpeg,2d11a5fa2e8b78ae0220966c35dabb115214721de70ec0379b499829aad21dba,1,6,6,1,0.0,-0.982111088669626
Bulkers/Bulkers_5.jpeg,1187e841d4bc34333ca6b26358d18fd2a39b8206befca16dd4e8aff7516b731c,1,3,3,1,0.0,-0.41919347643852234
Bulkers/Bulkers_6.jpeg,3e16ac03bb51d5f8126f8f420647524371fbb473f12cdde43e3a55a4ea6955f5,1,1,1,1000,0.030000001192092896,0.9567163679748774
Bulkers/Bulkers_7.jpeg,1dd2de1e01f9a0c7dcd36394f0655284599ad2332b320d7d7451e83a421a13b5,1,1,8,677,0.030000001192092896,-0.00022327899932861328
Bulkers/Bulkers_8.jpeg,107f8a29227b39836e01100bed9d3ee8d5678136db68d4080bc69c0f8e40059c,1,1,1,1000,0.030000001192092896,0.8678790852427483
Bulkers/Bulkers_9.jpeg,c8f71075c3d54622a313106f626508015ccdfb419ef14982a2d8cfb49010f20f,1,1,3,40,0.030000001192092896,-0.0012574195861816406
Car Carrier/Car Carrier_1.jpeg,e67c54d7799490044a61afd6203a685fde7e79a39efbd6848188c7dbab5ccd86,2,2,2,1000,0.030000001192092896,0.6457570046186447
Car Carrier/Car Carrier_10.jpeg,3f1a2ebbc78b910429af156e1431bd048084880702a727e9838b52953627427c,2,2,2,1000,0.030000001192092896,0.9999998454648811
Car Carrier/Car Carrier_1001.jpeg,fa9ab6aa3d1b76d9072def790d2dd392899d318a1dfe4e72863cd93768d06dd6,2,6,6,1,0.0,-0.40399202704429626
Car Carrier/Car Carrier_1002.jpeg,e81cde90fe834df512a1096b2285d730e92c75f0a0b145dbb84e55bd16429747,2,6,6,1,0.0,-0.9601000429938722
Car Carrier/Car Carrier_1003.jpeg,d98f3b0b29485fcd7fc8815419a07ba2fc3945137c82fcb4b457338ea17d166c,2,6,6,1,0.0,-0.998128185634922
Car Carrier/Car Carrier_1004.jpeg,b50401762b0065900a6477b919b22a0b9dc907c66ff9a277bd5aefd74a87df40,2,6,6,1,0.0,-0.8701250106096268
Car Carrier/Car Carrier_1005.jpeg,151abb4ddaf40931c72831ba610559f296a7ec2724f23b235af2edd92cb4400e,2,6,6,1,0.0,-0.9560647383332253
Car Carrier/Car Carrier_11.jpeg,f091a93d7387424c1de60cca6dc6eee862e07ae6844b0b8dd28df389f74b80b8,2,2,2,1000,0.030000001192092896,0.9999869344860599
Car Carrier/Car Carrier_12.jpeg,ecbe92294d286ad340601e2b1036aa0403577df985c411f4c6a22c92216d569e,2,2,2,1000,0.030000001192092896,0.38020604848861694
Car Carrier/Car Carrier_13.jpeg,4e739fe79e280cdcc921f9559494861b56b2a2d8905e70c5f5129fbd0f8fbb4c,2,2,2,1000,0.030000001192092896,0.1842225193977356
Car Carrier/Car Carrier_14.jpeg,6cb54c8b1ef5b60d56715dedbd5074ccadca2a9919efabc764d48bb4b3c409a7,2,2,3,773,0.030000001192092896,-0.0035765469074249268
Car Carrier/Car Carrier_15.jpeg,ca248573ced7b80abd0bbe7029498b81f28de73ba326f6f5b3b76d354fd5ad64,2,2,2,1000,0.030000001192092896,0.5423549115657806
Car Carrier/Car Carrier_16.jpeg,40c80f82c96c23a68acdbbe7898ccb6c5eda910098cd87d3780fa2e384575f71,2,2,6,682,0.030000001192092896,-0.00014966726303100586
Car Carrier/Car Carrier_17.jpeg,03550d03fb6f684d9ac4c107c02953652771ab162da2d139f5d3b75ac242f03c,2,2,2,1000,0.030000001192092896,0.9999992843348195
Car Carrier/Car Carrier_18.jpeg,e45d62fba2357669ff3878aefe9e68e89a66f8bb068664263df935030df4a568,2,2,1,372,0.030000001192092896,-0.0004419386386871338
Car Carrier/Car Carrier_19.jpeg,753f38c61e2deca1e2d4d54c49874c3642a8b0fb26b59bc09aeca26ef2dddf4d,2,2,3,365,0.030000001192092896,-0.010036647319793701
Car Carrier/Car Carrier_2.jpeg,2b969f5e51bdf731c35def888dcfa369edd9d8a234296d788d138a2add566f0b,2,2,3,480,0.030000001192092896,-0.014267951250076294
Car Carrier/Car Carrier_20.jpeg,e6116b2c9c1c5e9c71727a839927efb48b75d19f84538610334d792721873808,2,2,2,1000,0.030000001192092896,0.9975319606019184
Car Carrier/Car Carrier_21.jpeg,879135e406c680105d31ccf40918c9f68c8d733ba47594796abce716546e3d61,2,2,2,1000,0.030000001192092896,0.9755556276068091
Car Carrier/Car Carrier_22.jpeg,1138679d5263f7a3a613ee1f1f5805e2510b233edb309d75ec7455a78810c329,2,2,2,1000,0.030000001192092896,0.970961113460362
Car Carrier/Car Carrier_23.jpeg,cb28663058b08d9b4ccdf29b662ac37a7152af4c53dcf4c37776803aa80409d8,2,2,2,1000,0.030000001192092896,0.9561787769198418
Car Carrier/Car Carrier_24.jpeg,6beda5b39a2a6b02d5c74ddca7378dcf1a90b48e3eba11040979f0c9f60cb51f,2,2,2,1000,0.030000001192092896,0.9999918393477856
Car Carrier/Car Carrier_25.jpeg,8d3f510fe2fa7cd2fd971f7045ef144f07c0e516af87c7cf2b12d39e5c5105d9,2,2,2,1000,0.030000001192092896,0.9999997616750385
Car Carrier/Car Carrier_26.jpeg,01f0e8c6a6f342ca8ec34a8a42a8110beda2c14a659fcf3f01b2f3fadfe2d2fd,2,2,2,1000,0.030000001192092896,0.9999997736144159
Car Carrier/Car Carrier_27.jpeg,ff3842b1969e9e18c2f508531a91ba5aad4bfb855314691624e9d4961e056abf,2,2,2,1000,0.030000001192092896,0.9999994950405409
Car Carrier/Car Carrier_28.jpeg,2831587a350c7f94ba3266e654495354242ff0326fd9a49b234bc45f0e6575e0,2,2,2,1000,0.030000001192092896,0.9999266690811055
Car Carrier/Car Carrier_29.jpeg,03506bee7057dda049a141e27e8d3c584fe3a7dca70b0b5e1b2c2bc9468f3fde,2,2,2,1000,0.030000001192092896,0.9999121799664863
Car Carrier/Car Carrier_3.jpeg,530e5f6e223f4e15ca34e28a666ce57f577241e286cf6451835a0c77679ba8ee,2,2,2,1000,0.030000001192092896,0.9199754297733307
Car Carrier/Car Carrier_30.jpeg,bab43721051a6096a38ce246e7120e67daefa4946a970d235cf8c891ee297783,2,2,2,1000,0.030000001192092896,0.9999992834994771
Car Carrier/Car Carrier_31.jpeg,053f2e97756f024f6945d7f16dbf3cea1a2f8d3e3500ce72ed0185b5dab47f1a,2,2,2,1000,0.030000001192092896,0.9995255433168495
Car Carrier/Car Carrier_32.jpeg,1ef5bdc276ca8a15e12a7af6a519b1c338bd40e88960e975c5826d2fa26f657d,2,2,2,1000,0.030000001192092896,0.9999984508666557
Car Carrier/Car Carrier_33.jpeg,217295c5c7815f207a86361d60a8789b91f9d62bc666f16ec08cf9343e3e0d95,2,2,2,1000,0.030000001192092896,0.9902639104984701
Car Carrier/Car Carrier_34.jpeg,70bc3bdbd91d46af2fd77b43d9d06b505a004b929bbfbba85f3420123a2b1774,2,2,2,1000,0.030000001192092896,0.9999487057411898
Car Carrier/Car Carrier_35.jpeg,9147387bb81934a190ba44948cbd795c821593ca9e8b9c7520a7ece48737ef83,2,2,2,1000,0.030000001192092896,0.6907196715474129
Car Carrier/Car Carrier_36.jpeg,1d14d78a21a2c653caab43b74397b3e058f891bb11f2a9c1b6581a0d4f9cf3dc,2,2,2,1000,0.030000001192092896,0.9999999199634697
Car Carrier/Car Carrier_37.jpeg,d22da0c39b2142e5ea3659ecceeba45556dacac3ee7f110498e477589d957661,2,2,2,1000,0.030000001192092896,0.9999276896578522
Car Carrier/Car Carrier_38.jpeg,38cad0f21331acf516cc24a535b30236a1a7a503ef2391c719ad4403b2fe16f6,2,2,2,1000,0.030000001192092896,0.9501565266400576
Car Carrier/Car Carrier_39.jpeg,9d9b3111df85cb95de238244f3a20ad0834b2adfda2c17ab8282f1add546773b,2,2,2,1000,0.030000001192092896,0.9999873701854085
Car Carrier/Car Carrier_4.jpeg,900caa3efdff152521136227a500adf63323739de1823c03c39baba86f4fa7a2,2,2,2,1000,0.030000001192092896,0.9994321374688298
Car Carrier/Car Carrier_40.jpeg,81597848956a2fb4dc62b1a09c34418715a59564aa19ba44633b41bef4479655,2,2,2,1000,0.030000001192092896,0.9980654217069969
Car Carrier/Car Carrier_41.jpeg,959070c936e70fe7ed6ffb3227e0ffa51985d276fd6bd42381176f8462c467c2,2,2,2,1000,0.030000001192092896,0.9998388109743246
Car Carrier/Car Carrier_42.jpeg,b42b32d806810745bf9f127a4b3006ad9ac34a91fcafab52242e807d9f1d9a37,2,2,5,320,0.030000001192092896,-0.004515498876571655
Car Carrier/Car Carrier_43.jpeg,36a25aceb70cbe66f858c74c405ca24e91a9f8c4fdf4fca04dcbd69df93e6443,2,2,2,1000,0.030000001192092896,0.6329352557659149
Car Carrier/Car Carrier_44.jpeg,2b25821ed741d7e39fa1b476786b7b99ecef3ff39a1731511fca44ed6bdb0b63,2,2,2,1000,0.030000001192092896,0.05363839864730835
Car Carrier/Car Carrier_45.jpeg,38869c6c7a02fb62809c872957709b81783acc0e5e2148dab7e1acaffbab6712,2,2,2,1000,0.030000001192092896,0.9688255591318011
Car Carrier/Car Carrier_46.jpeg,d9db193c65defb35aaf59566c3fe5d2bcbd872963cb319784800843b0fd9fb1c,2,2,2,1000,0.030000001192092896,0.9958820212632418
Car Carrier/Car Carrier_47.jpeg,4a6d68ab9d355a45399a262c6a1b2770b908396427be791f9e30cdc02920c835,2,2,2,1000,0.030000001192092896,0.9999965284266636
Car Carrier/Car Carrier_48.jpeg,40bcccdc13dc7ea43bb0fce9b998138ff7b519f3d36802773e99026db3c09375,2,2,2,1000,0.030000001192092896,0.9917848822660744
Car Carrier/Car Carrier_49.jpeg,57b809e579f546a4ac8beff6bd2cf2081169b02eebd977886942f7abcb8c8e71,2,2,2,1000,0.030000001192092896,0.999999939783445
Car Carrier/Car Carrier_5.jpeg,5f1b9bcf39ce716b585932ce8661d5922a3d9890cad584561412486011342f3c,2,2,3,215,0.030000001192092896,-0.04268965125083923
Car Carrier/Car Carrier_50.jpeg,2289c05067894057f6df1cada9f83eaeb20519458a40da5948a07a591638c58d,2,2,2,1000,0.030000001192092896,0.9945228553842753
Car Carrier/Car Carrier_51.jpeg,ecb3699f00332cbc03765e51a4ef4a4961b324f6ac90e77aa0db5bccc5bb1c50,2,2,1,113,0.030000001192092896,-0.008884221315383911
Car Carrier/Car Carrier_52.jpeg,0de0f05384bc686f96094d7c8fd3fa6a4b3bdeaee55c8553f265306bf9a40300,2,2,2,1000,0.030000001192092896,0.9993539266579319
Car Carrier/Car Carrier_53.jpeg,0e1247ff8e2b2b2e1264436f00813953d723c741de66f8e7819657e0d6cad6fa,2,2,2,1000,0.030000001192092896,0.18077975511550903
Car Carrier/Car Carrier_54.jpeg,60ce2990a0413062284b5c004bf9e8e043226d869f32b7d089e2c7c99c087cd4,2,2,2,1000,0.030000001192092896,0.9999669885855837
Car Carrier/Car Carrier_55.jpeg,311923a116f8be0ed5e0b6c918892be92765675f7bc2919f544d6017402bd0f5,2,2,2,1000,0.030000001192092896,0.9999693696699978
Car Carrier/Car Carrier_56.jpeg,b982cd22c3b027d6be0e27c86947d719130db5757175b680f595e99b20d164eb,2,2,2,1000,0.030000001192092896,0.9999796765368956
Car Carrier/Car Carrier_57.jpeg,6f68907b643429530a32cb4c662e3ca7616e3c74fb411706e7211fe454637e7b,2,2,1,91,0.030000001192092896,-0.017023563385009766
Car Carrier/Car Carrier_58.jpeg,cbe1b9cd93f63ee198b7e6a4056335b4f56e198fd9b558cab3b43efe802b25a2,2,2,2,1000,0.030000001192092896,0.9937129139434546
Car Carrier/Car Carrier_59.jpeg,b074d51322c3584590d29adc102b165e670444ff6295cccb4b0b560d7c426f2c,2,2,2,1000,0.030000001192092896,0.943493839353323
Car Carrier/Car Carrier_6.jpeg,c1cffb7d8c316f9ce18337a7ac992ba5389e0896fc103c73d8b6141275e9c382,2,2,3,361,0.030000001192092896,-0.0005234777927398682
Car Carrier/Car Carrier_60.jpeg,740ca7d78e2c16ce283eade6c359dae74d4d96125a9957e5156ff4fcbb8a3e05,2,2,2,1000,0.030000001192092896,0.9982761851861142
Car Carrier/Car Carrier_61.jpeg,6db3fb2d2231204a0209c1d12d3fabbc3130f1cc09907a97a80ba93b2a2d75f2,2,2,2,1000,0.030000001192092896,0.7132673114538193
Car Carrier/Car Carrier_62.jpeg,7a0a4d4d06c6dc9c44826e1f46e7c9f4857c4644ba084ebe2277a47cb0be69d2,2,2,2,1000,0.030000001192092896,0.9887025458738208
Car Carrier/Car Carrier_63.jpeg,08388a17a866d8d44d67c14d93c59a37397b03d4f4590ccc145419a167c6652c,2,2,9,259,0.030000001192092896,-0.017144888639450073
Car Carrier/Car Carrier_64.jpeg,88850cf51cc42f3d8d081c1a1e8e70f7fb6fe57e381aece20b0984299157b4aa,2,2,2,1000,0.030000001192092896,0.9863769165240228
Car Carrier/Car Carrier_65.jpeg,a29b776a693fcb3ce6b6050907c1d8daab10b7c6de708f1a58b8941038ee3fad,2,2,3,312,0.030000001192092896,-0.0003623366355895996
Car Carrier/Car Carrier_66.jpeg,45a9a8aaf5d4be5955e5b0d0a371e8c7ac375a6a78f3c1abb2a91490cb590f3b,2,2,2,1000,0.030000001192092896,0.9672079384326935
Car Carrier/Car Carrier_67.jpeg,ab0aae6cb6804f893b171b48ff337ba133624767b26f80e36b39b1ae99c39e4d,2,2,2,1000,0.030000001192092896,0.928634449839592
Car Carrier/Car Carrier_68.jpeg,eb7856f4d12e41c25b234ab64cc9ed962fa1f53cb3d03bcd8db1d9e15c36107d,2,9,9,1,0.0,-0.07094517350196838
Car Carrier/Car Carrier_69.jpeg,9a0943c17ddf3da3da99dd2ce2729bb3c7aa32e484bcbe786be429042de01615,2,2,0,489,0.030000001192092896,-0.007460802793502808
Car Carrier/Car Carrier_7.jpeg,c2656f938d1e4e62c9b285823ea73780e3df959ea7fbb8397ea957c83f55dfc5,2,2,3,229,0.030000001192092896,-0.012329131364822388
Car Carrier/Car Carrier_70.jpeg,d5ad222b9ab8929c22890bcc641c4cc1f90e75af81a7091c39dac30a98d8173b,2,2,2,1000,0.030000001192092896,0.9999985675781886
Car Carrier/Car Carrier_71.jpeg,792bdae463ea3704b13e6cab484ac841c66d6aa9c378c87cd9285b718c333a94,2,2,2,1000,0.030000001192092896,0.9999930589897303
Car Carrier/Car Carrier_72.jpeg,06fbf41ccb09bda841cc57fa629d3a039fc0b1ec37536200aa962fbdcd22777f,2,2,2,1000,0.030000001192092896,0.9999941308165035
Car Carrier/Car Carrier_73.jpeg,d3d94ef4d075775ce79f22bbdac2ec22202fa5dccfddee42d06d595e2f4fd919,2,2,2,1000,0.030000001192092896,0.9999965830824067
Car Carrier/Car Carrier_74.jpeg,486ef9f26afeb7ae0d306dbc083207078b2f398a39a0781d28efc227bdb89e2b,2,2,2,1000,0.030000001192092896,0.9999999396026096
Car Carrier/Car Carrier_75.jpeg,8d739e84683bfbaa538430b6f684262e23b0553f603193a20623e37969d897c7,2,2,2,1000,0.030000001192092896,0.9696208145469427
Car Carrier/Car Carrier_76.jpeg,a6db24e78144923f49dc5b7804bdf42aa514f5d93c23631a731b1e6bf120587a,2,2,1,3,0.030000001192092896,-0.04946151375770569
Car Carrier/Car Carrier_77.jpeg,b335db38fe66a824f78ca5eb2d46e723ec7990b22938fd5d8d0f5c3c7a756570,2,2,2,1000,0.030000001192092896,0.9052350744605064
Car Carrier/Car Carrier_78.jpeg,7953414998006061f78b68b06aaf4f3e4964f6d933eada1ec45e04e752eeae7e,2,2,2,1000,0.030000001192092896,0.994718903908506
Car Carrier/Car Carrier_79.jpeg,e5a1787c6a4b1d4f8af228907cf7dccfeac462357ffeb904fc4d3fffb378c067,2,2,3,156,0.030000001192092896,-0.00020104646682739258
Car Carrier/Car Carrier_8.jpeg,fcbea948f30d2fc25b2c6bee345a95bf4e60286fbe9ba505ca169fc74c3864c8,2,2,2,1000,0.030000001192092896,0.5549517869949341
Car Carrier/Car Carrier_80.jpeg,7127a5348e03d33d5e51e1dd869fd1c0be91472ff77c555b2858e62feaebd5ce,2,2,0,734,0.030000001192092896,-0.000522613525390625
Car Carrier/Car Carrier_81.jpeg,a70887511536a0d7816d7caa058adebac79b92589c901c3d1e85a8a31618f36a,2,2,9,557,0.030000001192092896,-0.03334474563598633
Car Carrier/Car Carrier_82.jpeg,762c9fd160e0ab554ba2b8b75c5b36af20e214d6b8052da90147f8a70b79bfc1,2,2,2,1000,0.030000001192092896,0.999918168043223
Car Carrier/Car Carrier_83.jpeg,2848c8103d62254c1458c9f670f60771f0f92998983b6f286fd1deff0f06ed7a,2,2,3,77,0.030000001192092896,-0.028998106718063354
Car Carrier/Car Carrier_84.jpeg,c2ced9e82f1f314f59646226167f0f899be6b3aceb4c4dd19ec9ff3f299951a7,2,2,2,1000,0.030000001192092896,0.7226511910557747
Car Carrier/Car Carrier_85.jpeg,32c3ec1fea3cdb46482d2325ca49c7636111459bf01babfee7bb6240ad222523,2,2,2,1000,0.030000001192092896,0.999999277860212
Car Carrier/Car Carrier_86.jpeg,7539ecdce8ee56eadfc53c4e67b3a872e44342edff9146978dc328046b818336,2,2,9,384,0.030000001192092896,-0.002062290906906128
Car Carrier/Car Carrier_87.jpeg,c7e73bdbe3e6d16e847e09b843e1d6f8c7fda72f09502bb52adc86a76acc7be3,2,2,2,1000,0.030000001192092896,0.997609319339972
Car Carrier/Car Carrier_88.jpeg,fdd38e30f3b9f31960a93a6af1cc3ffe55a72a142fbeb0529314c728e10b509e,2,2,3,234,0.030000001192092896,-0.04292598366737366
Car Carrier/Car Carrier_89.jpeg,ea5ff37348dfeaa1653d0881647108dd182533d169e5c9b3b7d36a7e3547aa0b,2,2,9,6,0.030000001192092896,-0.1184389591217041
Car Carrier/Car Carrier_9.jpeg,afa997933e71998ea611ef785185a3bad180939a31ccb4b8d3171044f912c539,2,2,3,640,0.030000001192092896,-0.04776501655578613
Car Carrier/Car Carrier_90.jpeg,a2032f4d40c8404c81cc1e58acf09e8a258eaafcfe38eae3b8bb343022a890ce,2,2,2,1000,0.030000001192092896,0.9818559559062123
Container Ship/Container Ship_1.jpeg,e1e2b4aa38a9a36364ede5e356c54df231a0d4346f30766462421b167201087f,3,3,3,1000,0.030000001192092896,0.9993589682271704
Container Ship/Container Ship_10.jpeg,eebeea85c7524f1442ff9133474d2f4f496ae9a785e53f70127e4683e87951a4,3,3,3,1000,0.030000001192092896,0.9999999403952986
Container Ship/Container Ship_1001.jpeg,6abc9a240b9e770e2d52c34ef4cdda82120c656ca8d1483a50dfddad7ba5fcf4,3,1,1,1,0.0,-0.999848727362405
Container Ship/Container Ship_1002.jpeg,83e3cfa56b44a09b926f0a03bc067d71643003e8f5ded264d725087e5230b678,3,6,6,1,0.0,-0.9113561924995537
Container Ship/Container Ship_1003.jpeg,ce8fa75a45e4599fc56ba670260659d021fc00ca3abac42e171dd6e4e9651d38,3,1,1,1,0.0,-0.9696238708929741
Container Ship/Container Ship_1004.jpeg,5b8bd59046ed03dc75075e8272ae88c96e23a7c6ff4dfb5a08da722f1263a29e,3,1,1,1,0.0,-0.9952560067112742
Container Ship/Container Ship_1005.jpeg,349e39882b7f75e8a093e266b13eba60f90b3145d23526e97a2a0a329b6b73be,3,1,1,1,0.0,-0.9666772327036597
Container Ship/Container Ship_1006.jpeg,011f74142cb3e4e7f30a1e04a27edb694e0b7a8f57253a7da7c1eb3b3421c2cb,3,1,1,1,0.0,-0.9938066639483623
Container Ship/Container Ship_1007.jpeg,3f32b3dd64fd5e7ac8771ae1393294b629a54104d60c91e6ad00506e9935708d,3,6,6,1,0.0,-0.9084894560562589
Container Ship/Container Ship_1008.jpeg,cdf04aae69581a7a3b6a931342435050ebeb31f6b35715979e4f1871b4d4f9c2,3,3,3,1000,0.030000001192092896,0.8054569438099861
Container Ship/Container Ship_1009.jpeg,7737c23ab394996586b46b9b1fb30afb9fee09fcb486ab2e5fa005dc9c24a282,3,1,1,1,0.0,-0.9999696808173439
Container Ship/Container Ship_1010.jpeg,593a9176007f360fce98ff88aaf7689f3878cc44972edffe27574f6ff01bbde1,3,3,1,62,0.030000001192092896,-0.0013810396194458008
Container Ship/Container Ship_1011.jpeg,dcfda42eaa5061e6ae216ab608732ab073f7501c2f36f450f43366985eb1d674,3,1,1,1,0.0,-0.9761845311149955
Container Ship/Container Ship_1012.jpeg,84f575884501e006e9a263320f0ebdadf46fdad60e7c48155cc83e4798ca77bc,3,1,1,1,0.0,-0.9999645824614163
Container Ship/Container Ship_1013.jpeg,0c8fc12e1bc7c37159720a5fd92044eb5376052191aa40ad2671a1b7c34d7217,3,4,4,1,0.0,-0.1267392635345459
Container Ship/Container Ship_1014.jpeg,41de229e116eb84b930fabaf3f1f073a9d063abee4704020e9e4891f04de9cf0,3,6,6,1,0.0,-0.9783860920446301
Container Ship/Container Ship_1015.jpeg,981cb4fdd246c63d9558633dec168a69cf00f819ab0236a4f658405a9414e6c6,3,6,6,1,0.0,-0.6384685239721648
Container Ship/Container Ship_1016.jpeg,4ffadd3a8a783207c2578c85f17a0c17e129ee2a3dddd7dcf8336da86cecfe37,3,1,1,1,0.0,-0.9798467876098584
Container Ship/Container Ship_1017.jpeg,ed3eab11316d52422f5d06073ee68a119a0815cff02500837539fa33be4e4edf,3,1,1,1,0.0,-0.848312239308143
Container Ship/Container Ship_1018.jpeg,216030a2105c010926013ab3cd36bebe8ed09f6757fa0d459cd7479aab90835d,3,1,1,1,0.0,-0.9697249699090662
Container Ship/Container Ship_1019.jpeg,2232fb22ee2a70be2b84c94a70387ba9232d873bd937c3490240a131f73dbb9f,3,1,1,1,0.0,-0.7690325751900673
Container Ship/Container Ship_1021.jpeg,26d8c2442a9a455e99f5d64f7541a62719572644c998a5933e2bda4f55aa7e7f,3,1,1,1,0.0,-0.9907579702291969
Container Ship/Container Ship_1022.jpeg,f6a0f784f862d669c854035caf460cb975da1d4df76063bff82354618d9cebf3,3,6,6,1,0.0,-0.9999683499330423
Container Ship/Container Ship_1023.jpeg,8ed97deefc07be7a5e0fbd4860f3fd5674b7629217be0b42355d2fab8b3e52d4,3,1,1,1,0.0,-0.9817585266027891
Container Ship/Container Ship_1024.jpeg,cdaeb411fdcee93993eb1c0dcea2c4f603d8ced258cbf4c514e654be8b761606,3,1,1,1,0.0,-0.7650863303788356
Container Ship/Container Ship_1025.jpeg,880534c438c6babafa8cfce4526ccbc6f8238c516640ffdb5eb9802dff1d1683,3,1,1,1,0.0,-0.8621827339840935
Container Ship/Container Ship_1026.jpeg,0fe0115e6999b0ffd17b4df077db34b564501345497b46c2961b60c2a60b4acb,3,1,1,1,0.0,-0.9997414140415302
Container Ship/Container Ship_1027.jpeg,c0796fc2580abbee77ed08898b8229232d8739710f4e31cf9476411f4c7e170a,3,6,6,1,0.0,-0.9855897227243986
Container Ship/Container Ship_1028.jpeg,828d2d013c9836f0441a382c5a5a7759811c7f0c7dbc069254d8bedaddb69259,3,6,6,1,0.0,-0.8529478145756002
Container Ship/Container Ship_1029.jpeg,cb1ccc3fbdc1c9632df0ebaab486916c3ede78fd4488cccf544952ed0966e5df,3,3,1,546,0.030000001192092896,-0.0011804401874542236
Container Ship/Container Ship_1030.jpeg,21389745fe6cb7362c5da8b7608040a12880688c61479885f08b3c69f8b21d93,3,1,1,1,0.0,-0.9969813860880095
Container Ship/Container Ship_1031.jpeg,e17d216cd5260d981fbdceed6929361d44124aa5887f5bf86f244dff2b2e3052,3,6,6,1,0.0,-0.8287877371196828
Container Ship/Container Ship_1032.jpeg,756a1351b6160f9a3b7acf6f9917d217d32c39735887b2b28b3490caa699dce2,3,6,6,1,0.0,-0.597475603222847
Container Ship/Container Ship_1033.jpeg,c67562062deb9097750d38ae3da2cf55abf037ca47a938d5f3e4706c1d7844e5,3,1,1,1,0.0,-0.7235878705978394
Container Ship/Container Ship_1034.jpeg,a9e9edb8c9570b0b9ac6c725637116f8614c3e557182fcb045dc787038ff1488,3,3,3,1000,0.030000001192092896,0.20434695482254028
Container Ship/Container Ship_1035.jpeg,30878827c01073f0a2d0e918efb36c2550ae0157eae06336e3b1891061bb4a7a,3,2,2,1,0.0,-0.7314707440818893
Container Ship/Container Ship_1036.jpeg,822f041bdb65f2e81893b1bf51aa71b37c79d767c1028ca78561bbfb923b872e,3,1,1,1,0.0,-0.9924955437409153
Container Ship/Container Ship_1037.jpeg,aab688e9146fd806ecac25ffee8ab412b4673a6c9033b69f027067d7051eb7f8,3,1,1,1,0.0,-0.995345311705023
Container Ship/Container Ship_1038.jpeg,065c6d170c6af465ced2024972ecd862946abc080360ddb65de14c46ac7d0726,3,8,8,1,0.0,-0.145124152302742
Container Ship/Container Ship_1039.jpeg,85a42c5ab95b0719ccf79eae686c342e151a52c7ffc284b5cc73449d90ec1f4f,3,1,1,1,0.0,-0.8171338899992406
Container Ship/Container Ship_11.jpeg,481926f806571ce5f1882ef73d4ba9a6c9d7193db1d869bfb0f50de3656cd086,3,3,3,1000,0.030000001192092896,0.9999999099819412
Container Ship/Container Ship_12.jpeg,b6d1b1ac861835de1d35b4ad37ebd1a275610165158991bae5bd58d8728cab51,3,3,3,1000,0.030000001192092896,0.9836587160825729
Container Ship/Container Ship_13.jpeg,f113df65af5606b9c115e45cd3334134891af89b949bb19e1998d32da89ee5cb,3,3,3,1000,0.030000001192092896,0.9953683512285352
Container Ship/Container Ship_14.jpeg,84b9953b04cd8a77a62059c7f5b1eacff007640bf7bb6691bc10791eff60de01,3,3,3,1000,0.030000001192092896,0.999912165760179
Container Ship/Container Ship_15.jpeg,c574c25404b7284bcdcbb7f771340b128e67d3b46461756f750fbbc0cda42c4e,3,3,3,1000,0.030000001192092896,0.9911647464614362
Container Ship/Container Ship_16.jpeg,05bb0e31e7445848fc6cfa1ec339fd90d3ce2d92c5d730f279ba6e63062dbd7b,3,3,3,1000,0.030000001192092896,0.9999999401347868
Container Ship/Container Ship_17.jpeg,93b9542a6f7f8700865807840a1333bfc69a36883d3ee923276569a2df68c2b4,3,3,3,1000,0.030000001192092896,0.9999999403952274
Container Ship/Container Ship_18.jpeg,37cda266fb3e5dc328ba7e518994ce89672fb2ee6fe95e36a655b2c66aefd02d,3,3,3,1000,0.0,1.0
Container Ship/Container Ship_19.jpeg,8138708bc9184864c339819e5a44fd52d7aecda970e0d03257e74ad83eb44a7f,3,3,3,1000,0.030000001192092896,0.9999999987566149
Container Ship/Container Ship_2.jpeg,19dde35f5f86b87958dc208c43fa851496d53c38a5a833e10479d6f602198e4e,3,3,3,1000,0.030000001192092896,0.9999992872519385
Container Ship/Container Ship_20.jpeg,d995987f47de98456e0aa3764a157f55ea46883febad4a157d83ea700eff8e04,3,3,3,1000,0.030000001192092896,0.9999999390934741
Container Ship/Container Ship_21.jpeg,43c419f52523fa663929cb066c55944f85c8cd39c881862e2980a2fabcc34eb3,3,3,3,1000,0.030000001192092896,0.9974360654596239
Container Ship/Container Ship_22.jpeg,8fa7cace3363bd0487ec4110eab979ddd650d152ffae720451e015b786a38282,3,3,3,1000,0.030000001192092896,0.9999999397979198
Container Ship/Container Ship_23.jpeg,d00023f2218a1dbcc8d97717eabeccd3a09511231afbae23a3ab604e9e88f4cc,3,3,3,1000,0.030000001192092896,0.9999953548774556
Container Ship/Container Ship_24.jpeg,3d033b0af908a79c78b68ba667a9c8ba6bc8802baf5c17e3daea33cf9e4b6e0e,3,3,3,1000,0.030000001192092896,0.9999437240130646
Container Ship/Container Ship_25.jpeg,cec78ca7a2809c46dfb39dc0b0c154fc930a166531184ab054023667422c71bf,3,3,3,1000,0.030000001192092896,0.9999641650392732
Container Ship/Container Ship_26.jpeg,55762a0ca33a89f156fcd84262198695faea4af79e06d43dd5d9600545f753ef,3,3,3,1000,0.030000001192092896,0.9999999403953551
Container Ship/Container Ship_27.jpeg,2823106152687e9d2ffeada47ae8b8ae2f895965eedf5af71a17806f3187f478,3,3,3,1000,0.030000001192092896,0.9999999401274986
Container Ship/Container Ship_28.jpeg,dad4fba882ba98e01d9f7c9d09315e1eada24f4c3c4b9b798c676780556f8f83,3,3,3,1000,0.030000001192092896,0.9999999403389938
Container Ship/Container Ship_29.jpeg,4f56055fffff497f7ad597ea769c50d99605c302259beaf4e4384476888a9d30,3,3,3,1000,0.0,0.9999999403953552
Container Ship/Container Ship_3.jpeg,6fd6babe8c78667ec3234de167b18bc714352af530e39761db63161195c8925a,3,2,2,1,0.0,-0.8384198918938637
Container Ship/Container Ship_30.jpeg,1786252ccb3f506b5cd1a3a72c69a120671b833e10a60d3112dddb1196bff926,3,3,3,1000,0.0,0.9999999403953552
Container Ship/Container Ship_31.jpeg,c2fcc4c71b2c49d50a436332cb6c8eb61679a7b97c5a1650d7fca5f03936b814,3,3,3,1000,0.030000001192092896,0.9999871513418839
Container Ship/Container Ship_32.jpeg,76658be5bc650cb375a9dea518da51b5cd3f9f6a1914652ee00133fb4e859c82,3,3,3,1000,0.0,0.9999999403953552
Container Ship/Container Ship_33.jpeg,40cea709a22bb33a0a9e81a0eafd77c1bb2b726707a13a77cbcde2e78719f59b,3,3,3,1000,0.030000001192092896,0.9999999373509452
Container Ship/Container Ship_34.jpeg,2f160d55b3c102132edbd5a31088217ac540616a1489e7d87fb838b093de8a84,3,3,3,1000,0.030000001192092896,0.9940371797420084
Container Ship/Container Ship_35.jpeg,5605be7e3f1112e0103b7dd7689a20138c126a5300d4c33631ed91e4386dd571,3,3,3,1000,0.030000001192092896,0.9999999758413622
Container Ship/Container Ship_36.jpeg,8ef1973478e4a6d94d81fee7ffec22122adf7a057fa21590799ffd0d223b1af3,3,3,3,1000,0.030000001192092896,0.9999999848902412
Container Ship/Container Ship_37.jpeg,6b4c4ab283c4a0728381e813183320b4bfac7d5292efab91311a7acfd0f226f6,3,3,3,1000,0.030000001192092896,0.9999964378446293
Container Ship/Container Ship_38.jpeg,4cd6cf08deb178ba99d8c0f4c9bd545fb688c030fd4f8e24eaa5ca88cc1b972a,3,3,3,1000,0.030000001192092896,0.9696938274428248
Container Ship/Container Ship_39.jpeg,dc5e4920784cdccf52eccd9f40aabb2eb178abeccf9ec7b07fee7c076593e99e,3,7,7,1,0.0,-0.49153341725468636
Container Ship/Container Ship_4.jpeg,a1e160d7dca1df6d2c308779b1884bee0700fd119b60561de3fb777f98cbd999,3,3,3,1000,0.030000001192092896,0.9999575565361738
Container Ship/Container Ship_40.jpeg,aa3f1bff7bbaa14587ebbf7c13d9beae8f2c13767171eda460174104f912413a,3,3,1,462,0.030000001192092896,-0.0014365017414093018
Container Ship/Container Ship_41.jpeg,057dabf9764da629b029f9f2146ebf82cbad6e0b8da0098108da55559fd9228a,3,3,3,1000,0.030000001192092896,0.9999999397154242
Container Ship/Container Ship_42.jpeg,f0c7df3507930adc58565057509ada53febc171738723783bb2bc8f90f5a1cbb,3,3,3,1000,0.030000001192092896,0.9978778068907559
Container Ship/Container Ship_43.jpeg,bc1842ed80e11b4bb9f71c6674d3e3364b4d11461ae3988bc871abcc53cb2ca5,3,3,3,1000,0.030000001192092896,0.9999999403132364
Container Ship/Container Ship_44.jpeg,0f08809989383017f7da9d40e844f1a80ef2a1dc3c76bde670f108aabd9e8709,3,6,6,1,0.0,-0.9823800009908155
Container Ship/Container Ship_45.jpeg,7a0370bab96cc423d684e2b97ea9c8029dea9768d74a763dd7e81ed7eb98c405,3,3,3,1000,0.030000001192092896,0.9999990215159187
Container Ship/Container Ship_46.jpeg,5e5d0169b0044eefaafb00de45e6c120c948c509590901b8bd4aa2b77bec4291,3,3,3,1000,0.030000001192092896,0.9999956391154683
Container Ship/Container Ship_47.jpeg,d4553d5396e33baf7c5649df6b7457812ffe87bc08a0d62a2c54328c18542d31,3,3,3,1000,0.030000001192092896,0.9999999329415168
Container Ship/Container Ship_48.jpeg,1611aa95d1fe33b02ef9d957525756024271faaeaa51893fa8ec9c58bdafe8da,3,3,3,1000,0.030000001192092896,0.9984557822463103
Container Ship/Container Ship_5.jpeg,4d1b8cd4d4f26c6d2efb6d7c086235a544197fb756d6ef25f6bf9530a0e84e4f,3,3,3,1000,0.030000001192092896,0.9999996876324957
Container Ship/Container Ship_6.jpeg,08675292ce5983afc3feaee2b7c8330cfaac35575cee67198712a7c413052ab3,3,3,3,1000,0.030000001192092896,0.999999940276432
Container Ship/Container Ship_7.jpeg,4dfd2c3cd2633115521e3feefcbbd4fb387bda6d00d82c92ac9a9547a608df0a,3,3,3,1000,0.030000001192092896,0.9999999403701637
Container Ship/Container Ship_8.jpeg,6a1bb078650edc2b1ef6623a11bd470940ea56d2798179eff0df397e3aa61a2f,3,3,3,1000,0.030000001192092896,0.9999999403785521
Container Ship/Container Ship_9.jpeg,657899bef50073401b8d2ae58e0d65ce991625ac21b0e576fc78a453529ef1d1,3,3,3,1000,0.030000001192092896,0.9999999403375804
Cruise/Cruise_1.jpeg,f2f1de669cf2763cece4e2ba77cf423448d64e27d355c93f0abf0a8fe0b6249e,4,4,4,1000,0.030000001192092896,0.9999999403952087
Cruise/Cruise_10.jpeg,a4a7b7b3ca3c21b2edd865d306878fb796041ddb336a0886f9e570e2630799b9,4,4,4,1000,0.030000001192092896,0.9999349999452534
Cruise/Cruise_1001.jpeg,31a70b3da1140e9292e2b25f993bf013dc60990be4150f0acad48acf143f0955,4,6,6,1,0.0,-0.9999950371475279
Cruise/Cruise_1002.jpeg,1bc1b8e6f8bf450322eabd4edccd93e9811a3ec4e492be6e84576abf98927151,4,6,6,1,0.0,-0.9999999402727071
Cruise/Cruise_1003.jpeg,4540187a9d0eda9d795d58fefaacf8d023c6f54d7ead171073d0b0a41e563202,4,4,6,304,0.030000001192092896,-0.0010880529880523682
Cruise/Cruise_1004.jpeg,16ba86c87a8e6dcecb8995b11ae3555e45c126ffd2b650a5183a12dceb8fc6f0,4,6,6,1,0.0,-0.999999940232164
Cruise/Cruise_1005.jpeg,f7e24b89ddc077abaea62b93a55beda61bb36932f11cdfe1442786ff2a36e58b,4,6,6,1,0.0,-0.9999937609682092
Cruise/Cruise_1006.jpeg,3befa4af5334597163a813e78d49054afc0153e8104b1a2e519f85f5bcb25ef1,4,6,6,1,0.0,-0.9964904629159719
Cruise/Cruise_11.jpeg,1caedd5d8d79d15a62650b22bcfd3705755e7d733627e649e94e8972a143f18e,4,4,4,1000,0.030000001192092896,0.8972237594425678
Cruise/Cruise_12.jpeg,b73e6d93d5db7e64428b704c6a22f6d2489f05e8d330b6690d01258e8f717cc3,4,4,4,1000,0.030000001192092896,0.9999907479254944
Cruise/Cruise_13.jpeg,565404286b80a88419b8c537251daaf590631db3fef717d6917a39be29b9e090,4,4,4,1000,0.030000001192092896,0.9999999374063482
Cruise/Cruise_14.jpeg,b8c3c8a8c86600689905c0167e0aa649a7abee99ee03890e6ec3d45cd6136b33,4,4,4,1000,0.030000001192092896,0.9999999391679343
Cruise/Cruise_15.jpeg,3cddb5bc164ec46aca4d1c26fcb66fa612960d01a885b4546a66143d2b24222d,4,4,4,1000,0.030000001192092896,0.9997655432816828
Cruise/Cruise_16.jpeg,c92774aa5470ea6a7f09ad71dacac57ca6157da746fbd16fb9f02b744991e0e2,4,4,4,1000,0.030000001192092896,0.9999999403948646
Cruise/Cruise_17.jpeg,5a8bf4dd46a08469a5b6ba32cd7cc7ab1157b12c0305caefd53573362ad926fc,4,4,4,1000,0.030000001192092896,0.9999999210497279
Cruise/Cruise_18.jpeg,1858e926c89dcc51a735b9edc00abd6190f4badc9be48fdf7682a973d6218f00,4,4,4,1000,0.030000001192092896,0.998296981677413
Cruise/Cruise_19.jpeg,dbe62d78f3c4931468ceb7ac975020ba2f5c1933b600d0579de331a9559b8d03,4,4,4,1000,0.0,0.9999999403904694
Cruise/Cruise_2.jpeg,e6132b9fee81e9860d7773e119871e93588b936338b53a7cf40ccda8ddbeee37,4,4,4,1000,0.030000001192092896,0.9963383673457429
Cruise/Cruise_20.jpeg,074ad1b9340c9e3efabb09b65b7c1170c723b75cdfb3d314c47b3f00fbedacec,4,4,4,1000,0.0,0.9999999403949855
Cruise/Cruise_21.jpeg,1f85e8e9e7b77ddae51c935a43630c39a26f2804f41d7a962b147a6b8c2e74c1,4,6,6,1,0.0,-0.4418013095855713
Cruise/Cruise_22.jpeg,f6d0c5da51a382e72cfc37639f27a29bc1766aad9978d1948c06311c804fd053,4,4,4,1000,0.030000001192092896,0.999999793790785
Cruise/Cruise_23.jpeg,1904a6c80fc855b4ce4506df8056749166f2823396ef1ae27299f4d996bfa4fe,4,4,4,1000,0.030000001192092896,0.9999924746266515
Cruise/Cruise_24.jpeg,1b0866897c5febc39421ab115b36e8542cc431470ce5af2c337a33bcfaed504a,4,4,4,1000,0.030000001192092896,0.9999999999979475
Cruise/Cruise_25.jpeg,268c92b63b30f3303048829dc706089330cb9dd18c2e448d6385af525f1395c4,4,4,4,1000,0.030000001192092896,0.9999999387779323
Cruise/Cruise_26.jpeg,8552b35b8f14294343598e7bd3075a33967062c16e910bb08c6289182f55a7ec,4,4,4,1000,0.030000001192092896,0.9800086980685592
Cruise/Cruise_27.jpeg,263f86107fcca900b92af8bf4cdef477762f79d0b008cafee076d359d99a4b60,4,4,6,196,0.030000001192092896,-0.0007171630859375
Cruise/Cruise_28.jpeg,1bd637e49dc7fe46085c2af2978a2c277e540b5e1b8298c294a4c12f8799c4fa,4,4,4,1000,0.030000001192092896,0.9999541453998972
Cruise/Cruise_29.jpeg,e72e7b1c6df139d3fa074df198346743448a2ed6367ed7ec5f7581b15e6b2bda,4,4,4,1000,0.030000001192092896,0.9999999403953544
Cruise/Cruise_3.jpeg,314f3976531117e2e1d0a1f04aea17cc8378fdeadc5bfcf191b9352a4510b1d6,4,4,4,1000,0.030000001192092896,0.9999999384975455
Cruise/Cruise_30.jpeg,b877a084557e09bb9d9b037aac798a99aed1efcc6dc7c83fa24b87f1dbe24271,4,4,4,1000,0.030000001192092896,0.9988456575665623
Cruise/Cruise_31.jpeg,473d7c9fb93440df00750a6fe5d600271a4a95942a86544dc139067b23622b6e,4,4,4,1000,0.030000001192092896,0.9984129143413156
Cruise/Cruise_32.jpeg,2f65cf18d61bd76b24168c08b461dd6407a2caad82f48f50ee924265591a10bc,4,4,4,1000,0.030000001192092896,0.9999999388552018
Cruise/Cruise_33.jpeg,de3df81d3c50c023019f89d47c0c52d7d48082de81ac9752c81ec8e9cac1113d,4,4,4,1000,0.030000001192092896,0.9986478441860527
Cruise/Cruise_34.jpeg,6d0b3c360b37999768ff18bbf4c75aac61bb5bf0e218f4186f8d56023264ec81,4,4,4,1000,0.030000001192092896,0.9999997589906968
Cruise/Cruise_35.jpeg,4947348392324f3dfd7b718fc8c902bb8302c0e7beb20865722144dd13d32b26,4,4,4,1000,0.030000001192092896,0.9999996504969175
Cruise/Cruise_36.jpeg,43d6fdae31f4f6adfab2c58326c8004583b6a0c279d6f2c9f3a451ed6762be22,4,4,4,1000,0.030000001192092896,0.9962569661438465
Cruise/Cruise_37.jpeg,ec5b9e8b74766b059fdaa4d874a119b79de7a3eb86e411c9bd370c5ef6328c29,4,4,4,1000,0.030000001192092896,0.9946174218785018
Cruise/Cruise_38.jpeg,d27efffb8dedb61cb296e5d4e9bd407e1287c55aa7862af31fbbd611a7a98449,4,4,4,1000,0.030000001192092896,0.9837634181603789
Cruise/Cruise_39.jpeg,cb7dccf7415df6a9b0e21ac9c73490dbcb7d82e1b4ecc1a2d609da1a691fe34c,4,4,3,2,0.030000001192092896,-0.453392893075943
Cruise/Cruise_4.jpeg,d66b80a8739ff6615b5378fcc32dff06bf1129ab222b0875f022338b42a27a7b,4,4,4,1000,0.030000001192092896,0.9999981575125503
Cruise/Cruise_5.jpeg,0ccf9b86975e3920379532aab315b62403a287c0071103a462faadaeacda86af,4,4,4,1000,0.030000001192092896,0.8708478212356567
Cruise/Cruise_6.jpeg,761cece1caea019ac50c661961410fa6727b8b38e25bb14778b8891e8c040c8e,4,4,4,1000,0.030000001192092896,0.9999997807710557
Cruise/Cruise_7.jpeg,0dc044ec93a64e5c0f1d63b0a07a6eba9d45e2214cab9729092de982f8eaace8,4,4,4,1000,0.030000001192092896,0.9708108194172382
Cruise/Cruise_8.jpeg,316af28692c0e8fc02dbb22621bbac2c452d35728c07737bfb48875de3bce981,4,4,4,1000,0.030000001192092896,0.9999821020292075
Cruise/Cruise_9.jpeg,2675eee85a2d1d8bd1d456d92f79e04aa234099defacb7f84493b4fa748421fa,4,4,4,1000,0.030000001192092896,0.974949561059475
DDG/DDG_1.jpeg,de039847424f326c1930eec0ad4ef856e845a39b1dc869bc511f60840498838c,5,5,5,1000,0.030000001192092896,0.5485388934612274
DDG/DDG_10.jpeg,e48ef006b2a77ce3445f690da4131fac59af873d94e03cc91132695b972c71c7,5,5,6,10,0.030000001192092896,-0.010971605777740479
DDG/DDG_1001.jpeg,8fee10c92319da7b36832a594c483c802d053778f6b709f4a5a56ecbb8dab6dd,5,6,6,1,0.0,-0.9904642284382135
DDG/DDG_1002.jpeg,e4193bd8bcc8f6269598d31b86106f26cf001afb09e0ab87e04140a7463e9d5f,5,6,6,1,0.0,-0.9999983906745703
DDG/DDG_1003.jpeg,15d49b8ead92d0d82862f9b406c31daf1a0aa1e253c8b8dfb2be9b72e48a8823,5,6,6,1,0.0,-0.9999946628061913
DDG/DDG_1004.jpeg,c11c0ffa4548bad3d3bc1d9c8da41f08323dd363d030d6ad6b90fc68a8251ec9,5,6,6,1,0.0,-0.9554894748011975
DDG/DDG_1005.jpeg,865a53d0cea42ba1ec7c2afa137c06173ebcf8225b849eb8b5ebd2ad5eb09178,5,6,6,1,0.0,-0.9999672571557099
DDG/DDG_1006.jpeg,4c5fbacfb123a5f3316f06e8060aafaced971db392542a350b4e645431de3b22,5,6,6,1,0.0,-0.925966368697118
DDG/DDG_1007.jpeg,0ed5a2d913235c3a5015ad69920db1a23590e84d8f61f07f7535c375e2d75240,5,6,6,1,0.0,-0.9855937869288027
DDG/DDG_1008.jpeg,9690540a619ffa2253aa505de544fd72990835eb88889ada247464d89d850053,5,6,6,1,0.0,-0.9998548777579046
DDG/DDG_1009.jpeg,5aeb28e62c24f5494a225f2e392c92153541e432b74c8cc84996904b95a3ed78,5,6,6,1,0.0,-0.9992987932677408
DDG/DDG_1010.jpeg,e4659bd3ad7b1316f3df2cd29eaaa66da27df8edfda83248f94e06b397710e0d,5,6,6,1,0.0,-0.06765115261077881
DDG/DDG_1011.jpeg,65af742f8d7d51660eee740b4e3ec91ea051cccbeaf8159507c4bfaba4b7a696,5,6,6,1,0.0,-0.9998872874054507
DDG/DDG_1012.jpeg,897f06ebfbc0bdff9c742a3350af516da5a4d97eff5518a2c83b2cccfa4912d5,5,6,6,1,0.0,-0.9998675826114294
DDG/DDG_1013.jpeg,0896e22103facb5921116b70777c83f4c5abfcc8193f9a26ddf84348f5991fea,5,6,6,1,0.0,-0.9967498255324472
DDG/DDG_1014.jpeg,02d0f11353ca3171f6a513d9f2bfe0cbd41fc5c1e8c600b84ddce3daacc93482,5,6,6,1,0.0,-0.9501644452438995
DDG/DDG_1015.jpeg,091fc33984ae784afc7095fc2c61a74d95e7586c1ff1f16fb7836651e399a5ee,5,6,6,1,0.0,-0.9831046028994024
DDG/DDG_1016.jpeg,ce9b329579db3b960a523f1ba9efbfdfeed56e90a8a31183280dcbc9056e7ace,5,6,6,1,0.0,-0.34022275172173977
DDG/DDG_1017.jpeg,780a33a208c6560cc5065d80ec629d10f3e328af6be96dc3d6293b87fe05a113,5,2,2,1,0.0,-0.41192618012428284
DDG/DDG_1018.jpeg,91e8d247a1857f88215cd36996f11ed1ad3da94f9f24e6a660fe8e2e630741ea,5,6,6,1,0.0,-0.9806176787242293
DDG/DDG_1019.jpeg,9a4551bdb58cd4be316b3194c14c0300496aee90faaad9355294b27989207ffb,5,6,6,1,0.0,-0.9953438055999868
DDG/DDG_1020.jpeg,7dc50a046911f731be130527cec572379821409c7c33d1a091322594c2104d13,5,6,6,1,0.0,-0.9555874774232507
DDG/DDG_1021.jpeg,7e026c3395e18027cf70e81eb429f0ed3c25542e28c3a1e1ced18f65f1fb7063,5,6,6,1,0.0,-0.9998968168073956
DDG/DDG_1022.jpeg,360b2125416a60567ea6c594c59b0bbab18c174685829c1a2d235530bdb583b2,5,6,6,1,0.0,-0.9997996687888456
DDG/DDG_1023.jpeg,3d2aede8b1d85989cbaf12e0cd70a0435c3f693c4f27de59924e01a592cbfba9,5,6,6,1,0.0,-0.9942564329643346
DDG/DDG_1024.jpeg,b9cce4523b40bee7aff00ff6acf01cbe093b1fd9d63a922ff53ea9cc1f75b45b,5,6,6,1,0.0,-0.8988373065367341
DDG/DDG_1025.jpeg,8ae9584f2dae43c0be7127eaa47a18412dbf67a2cdaa258bbe42afaaeff22306,5,6,6,1,0.0,-0.9999578592002112
DDG/DDG_1026.jpeg,722b1c77a16fa7e17ed87ef1bbfa9c044f71b8a07aeacacd16655dd33e69f884,5,6,6,1,0.0,-0.9999999403953477
DDG/DDG_1027.jpeg,c41bbb2ff0aff36c163da5867f0b306c782d1d2c0a653d062233ebec37c1cb10,5,6,6,1,0.0,-0.9979890801660076
DDG/DDG_1028.jpeg,076ce4b62489f7a9c588526afda6286d3b823e0f9830b2df33bed80206b77c17,5,6,6,1,0.0,-0.985472944797948
DDG/DDG_1029.jpeg,46cf51ee630e0fdd2c7ad3f83dcba5da17d69594d1b635971507e2c6c4eebc0f,5,6,6,1,0.0,-0.9998632072882283
DDG/DDG_1030.jpeg,b3fb126b6ed7c600d6e19efc29567968145f1810b4c3256387f807dd388cb78b,5,6,6,1,0.0,-0.9128580681863241
DDG/DDG_1031.jpeg,3985544da7661223da993b93bb336d6b6a62282660363713c7bb255d17a39d35,5,6,6,1,0.0,-0.9999911187811511
DDG/DDG_1032.jpeg,4e8a9bb81ce58b20033ba0f75e6c1288f1b01353351c3a40c9c8aee4c10afe0a,5,6,6,1,0.0,-0.9999857540390429
DDG/DDG_1033.jpeg,6b71555897800bc312d6ea8a30f2481d781506d0d0143afb0533f0066ec8d7e3,5,6,6,1,0.0,-0.9999964605838727
DDG/DDG_1034.jpeg,1c0d48c9e9245cbce8bd675c7543791efbb9e6b377643a74aae24c6b4f8c9e48,5,6,6,1,0.0,-0.99538210965693
DDG/DDG_1035.jpeg,816228b32946d3f352894eb254b00052a0b2b1b76c18abf19f48accc1b2844ff,5,6,6,1,0.0,-0.9999979711281055
DDG/DDG_1036.jpeg,937e375add757478484038f9edb5dfc4f4b0838bc46c86204a496ae957bf5394,5,6,6,1,0.0,-0.9993880578501546
DDG/DDG_1037.jpeg,2bcf118a4b0636cb539b35425d697620f43eb6f1fd4a5b47875f383b68dda943,5,6,6,1,0.0,-0.994120555452298
DDG/DDG_1038.jpeg,ce331f31a98b8e417a230f7f2264b9ebc80ba93fe8d6b9cd0354461b1745783b,5,6,6,1,0.0,-0.9890411151573062
DDG/DDG_1039.jpeg,6a5003ba03b9167468a7646e6292456dadfc25ed706c14d8fd6881f1e3e0efca,5,6,6,1,0.0,-0.9796477733179927
DDG/DDG_1040.jpeg,6bd1fc539c592f323b611daf51b9b7a105073a5bb45688544f40e0e6a4485529,5,6,6,1,0.0,-0.9986809974870994
DDG/DDG_1041.jpeg,72f1cb3b205fe3137a972c9579132f9ce1fe2ab2cf5187c13fcd691132e86f66,5,6,6,1,0.0,-0.9288682751357555
DDG/DDG_1042.jpeg,ab964785bc42d2adf42a7913c009676b52fe1012c9a35d691e34bd63acbcae1f,5,6,6,1,0.0,-0.9999790787571328
DDG/DDG_1043.jpeg,55967bc5927e597f21b5768278ba0a64a33c900c02ca429e53cf9b6fb8787dbd,5,6,6,1,0.0,-0.66266911290586
DDG/DDG_1044.jpeg,0ce90c80824fa485f9504920978499443f84ac0cd65c2e1b887fb28e390bc55b,5,6,6,1,0.0,-0.9720034375786781
DDG/DDG_1045.jpeg,5e15d48e57dbe083c58f22d4e012eac1b5b4781e29b658ea7f6e7af8bc897679,5,6,6,1,0.0,-0.9957625583192566
DDG/DDG_1046.jpeg,911fb86cd8e4a312ef37d42aaef4c7dbf3486353fd18ab9f91c810f7cc279ae3,5,9,9,1,0.0,-0.504693410359323
DDG/DDG_1047.jpeg,8e1139d007bdc58444e766bff2bb3b196cab147e719e8b02de752b00750f532e,5,6,6,1,0.0,-0.9998270719556093
DDG/DDG_1048.jpeg,3c98a9f51767abbc5cafa719e7e946862e9c3594e885a075cac212e940f75456,5,6,6,1,0.0,-0.9988598220789084
DDG/DDG_1049.jpeg,571e9cef0d5d514dccb5f55aad2ae74c68e8fae77f53e8612ce7421e374e4a84,5,6,6,1,0.0,-0.9995673216180876
DDG/DDG_1050.jpeg,29c962b5dc3aa2645e0965a98b7271259393d3e28c75586db87395a831e70363,5,6,6,1,0.0,-0.9751191732939333
DDG/DDG_1051.jpeg,e8629bdc2eabf5ef22bdb5fbcc12381c0a90d46f3ee4430a2686a67bad1d5364,5,1,1,1,0.0,-0.7739773414796218
DDG/DDG_1052.jpeg,63e344531ebe6e096d6b6331ac49f20b0034d820a49b1b085f247ffdd826fc4d,5,6,6,1,0.0,-0.8200769349932671
DDG/DDG_1053.jpeg,3b034b0d7406e6868f2893a8fa741e307b0469ba0fc1603a3825be44a8bc563f,5,6,6,1,0.0,-0.9995379434824154
DDG/DDG_1054.jpeg,dbfefb14b60840d542924c62bcc84e84e62daa0a5ed64683bcf5771254d6c20a,5,6,6,1,0.0,-0.9999993973505137
DDG/DDG_1055.jpeg,723d78a811689bb00a08b979f9cfea2ecfd9141faeada1632b87b987451e1389,5,6,6,1,0.0,-0.9999998807740025
DDG/DDG_1056.jpeg,7e94ddda98534402c8cdbc74ba091b33d86f1795dbac8813f28e5208b379245c,5,6,6,1,0.0,-0.9862559400498867
DDG/DDG_1057.jpeg,ca633d3ec64ae5d790a1a348efbcc4314ccaf6f09fd199e8102bc2a57c12f052,5,1,1,1,0.0,-0.928523504999859
DDG/DDG_1058.jpeg,d4a3c5ae0c867caeca429d6b753b6cab6ad8de70463ec827f0c165ac12f1f8e2,5,6,6,1,0.0,-0.7506448602071032
DDG/DDG_1059.jpeg,8b3f00663e5347e7a59439e150e642ef554ec219ce3e2647ec32a3450ee8f627,5,1,1,1,0.0,-0.46703342883847654
DDG/DDG_1060.jpeg,9423f5d407408ff80dec527cf6ed69c008690244d7ba1c2169efc50d41055355,5,5,8,5,0.030000001192092896,-0.05071023106575012
DDG/DDG_11.jpeg,eb675580ca8c31d2b1ace15a0c700306f74ad2b42311cf29cccb3c235da5174a,5,5,5,1000,0.030000001192092896,0.2820318937301636
DDG/DDG_12.jpeg,d1c2cecb2d082d2ecbc2e4203a2c3027ac0df9107d1a2062710c7e14aca7b984,5,5,0,142,0.030000001192092896,-0.004430830478668213
DDG/DDG_13.jpeg,4fedec805f232e2344105ce6598b585dc5f16b8196f0fff74f3b9a8e2ece9c24,5,5,5,1000,0.030000001192092896,0.12430185079574585
DDG/DDG_14.jpeg,60c83d117763c408382144de4765c1bb10b0deb282c82c77544fbed5114276df,5,6,6,1,0.0,-0.9234671927988529
DDG/DDG_15.jpeg,480fcfd19197072a61922ba862e1393686f7f1bc9ef73997f85b66c36f9426fc,5,5,5,1000,0.030000001192092896,0.24113458395004272
DDG/DDG_16.jpeg,1161c93a4afea1f921f2d33bc475844d97f5dcedb3156d0fa4a6bb6e4fd1cba3,5,0,0,1,0.0,-0.596193440258503
DDG/DDG_17.jpeg,6d08192d4683b6187773cbf2907ab0e86d994fb70d55a7809ae8da71cef6f742,5,5,5,1000,0.030000001192092896,0.9993159606819972
DDG/DDG_18.jpeg,40392d8a97338a7b7a9fcc72e008f2710279b64fda4212f31c1b0fc0c67e40f5,5,5,3,118,0.030000001192092896,-0.0005404949188232422
DDG/DDG_19.jpeg,87dce0d9b0f8ef952887ac2ea0fe777a3e24fc9c08ca0972515e9e9d365b2727,5,5,0,21,0.030000001192092896,-0.017631709575653076
DDG/DDG_2.jpeg,f5d9a5031f31fc7361d38538914a36fc8278d6003aec11f2ffc674a837eb2aa8,5,5,5,1000,0.030000001192092896,0.8731393106281757
DDG/DDG_20.jpeg,279f30d6a6345f5701f2fa440f6a5d3fff7b1ecb27504360048756234e21ebba,5,5,6,141,0.030000001192092896,-0.00010985136032104492
DDG/DDG_21.jpeg,5f55ab9bf909026cb629e8987a5d1267453a872830cfb5058a98fdfa6ccfad7f,5,5,5,1000,0.030000001192092896,0.36409515142440796
DDG/DDG_22.jpeg,43823628ee0ad6626193c5103e96c8d219acbd89f7705f9c9ec5552890ca4c5e,5,5,5,1000,0.030000001192092896,0.9996463030111045
DDG/DDG_23.jpeg,1290ee8e397569872d911f4d3cf05d2f5bfda12289454e9548a970feafd6cd45,5,5,6,703,0.030000001192092896,-0.01004764437675476
DDG/DDG_24.jpeg,7a8ed9ee948941ec615ae351048d4406d505f63a327ca16d035113684b8d1f24,5,5,5,1000,0.030000001192092896,0.1829681396484375
DDG/DDG_25.jpeg,3d1c7a965487dba9d0aa9143804e683fcf8f2e75cb4dba30690c45a9e62e44fa,5,5,5,1000,0.030000001192092896,0.6950404644012451
DDG/DDG_26.jpeg,b353b5f8134987652e1696ad51274ee4ad3d868cecc24fb7e65b3a361a06592b,5,5,5,1000,0.030000001192092896,0.8731775209307671
DDG/DDG_27.jpeg,72cd15e26ae8b219fdfd535a5b58b4826ec28b7c145baa538115e8cb72eceb9d,5,5,5,1000,0.030000001192092896,0.9816503589972854
DDG/DDG_28.jpeg,299fe6ef46b0a8a37806a9909efcfd81a1f7608f41091c3d604aab23cd673bce,5,5,5,1000,0.030000001192092896,0.6370543241500854
DDG/DDG_29.jpeg,ecfe65d0c967537e08c2d837f216659d11009e1a067a6fd7eb123230a274ad88,5,5,9,311,0.030000001192092896,-0.002406179904937744
DDG/DDG_3.jpeg,d858c1392c068d2a66482f39f1b25e7330d71c90d80e5b36a5b8487ffdc219d1,5,5,5,1000,0.030000001192092896,0.1966807246208191
DDG/DDG_30.jpeg,c0cc3ac431b6637f242d01c20cc0e4c98543ddac5147c98845c0cb67a282d5a5,5,6,6,1,0.0,-0.44911348819732666
DDG/DDG_31.jpeg,90ff3a5392b6f360dc95fcc17c68b918a0930b355c47a25e6e58bf12a04290ae,5,5,5,1000,0.030000001192092896,0.9569663275033236
DDG/DDG_32.jpeg,7a5b181d27f531c6fa6880a4f04b75b2bf5726829bb9230e87f082544ee33f41,5,5,0,313,0.030000001192092896,-0.00733610987663269
DDG/DDG_33.jpeg,abc9bbba41d9728d000a825fb3c026a0273f7db1f49a3bdf7f445fbdb84a806b,5,5,0,3,0.030000001192092896,-0.22378239035606384
DDG/DDG_34.jpeg,377c8206a488a1302711620f1ee056fbc29d8c77d86df21980c32ff30e569457,5,5,6,19,0.030000001192092896,-0.00024443864822387695
DDG/DDG_35.jpeg,dac87fc830861ed0e8dc4e11a4cd05f4eb69b9515b47f8c76652ae043b32a650,5,5,8,391,0.030000001192092896,-0.004405170679092407
DDG/DDG_36.jpeg,90bdd2e11edc615e031585b55e7da2c85502de45ab73561ca25413c85466cdad,5,5,0,684,0.030000001192092896,-0.00609859824180603
DDG/DDG_37.jpeg,2d66d4244504f0c9d1a4ac4b7c7aabc0fd26e997622a51063d32f20958dcf2e7,5,5,5,1000,0.030000001192092896,0.9978030835045502
DDG/DDG_38.jpeg,6f008d8a57fc70c4df68d26001fca039329ad2316f4c3aeefb7c592af93d854c,5,5,5,1000,0.030000001192092896,0.9992205535818357
DDG/DDG_39.jpeg,2a9692d5cdd749d3e716f2663136eafa78a8c3ff1410607b59f3dad004fc4f32,5,5,5,1000,0.030000001192092896,0.9776997435837984
DDG/DDG_4.jpeg,8858eed55c778ed638b3574a13c8398bd0ea94ad2a980f97d0128beeebde9438,5,5,5,1000,0.030000001192092896,0.4326617419719696
DDG/DDG_40.jpeg,b742455b7226e3bb0adc203e97ab62739b7e044efcfd45c8df26526b441e3a1b,5,5,5,1000,0.030000001192092896,0.9879102637059987
DDG/DDG_41.jpeg,1b1d1031b81c30cb3385426d4060f680726de368a8f3488f0bafe1519c4cea07,5,5,1,636,0.030000001192092896,-0.0014364421367645264
DDG/DDG_42.jpeg,041aaafce3749f5c44c8752e3c5d95a98000fdf699103a2e073a0d043e497b92,5,0,0,1,0.0,-0.7639888823032379
DDG/DDG_5.jpeg,6e18e9f7b48c32112fde5c9923771f4b1c3df6c9cd7abc3a77d74bbbbe9e953a,5,5,5,1000,0.030000001192092896,0.9181263782083988
DDG/DDG_6.jpeg,abdde1e092e0772ebc489b230c25e5252ac81351c4ab23ba02f5b9bf4af78caf,5,5,6,753,0.030000001192092896,-0.003725707530975342
DDG/DDG_7.jpeg,4d5b99e9194d0429f70f49817dfa8962d0a98bd182a75be3344f9bb280368b8d,5,5,6,2,0.030000001192092896,-0.6548312902450562
DDG/DDG_8.jpeg,99381b8c8e7fc0a74f1bcb86325ebe2e469a76cf86f991125bc3cca43c29c361,5,6,6,1,0.0,-0.7098387330770493
DDG/DDG_9.jpeg,60e4a2a7604053ebccf3dc5319117083cb4edccc40294af94ffde1e911675fd0,5,5,5,1000,0.030000001192092896,0.5148158222436905
Recreational/Recreational_1.jpeg,999b45e41b3d53a3a9bc63d010fe854e6dd1470319cab237f0ba98ea05346e3b,6,6,9,8,0.030000001192092896,-0.029836148023605347
Recreational/Recreational_10.jpeg,8a5220b010656b67357bce095952080a8d615cf37c3d2851eeb9f379e1c53e6e,6,6,1,2,0.030000001192092896,-0.2620598375797272
Recreational/Recreational_1001.jpeg,88ed82f1ab29c2f45522596ac5ceae728de79742a27888f7639ebb171a5a63dc,6,6,6,1000,0.030000001192092896,0.9999999402666426
Recreational/Recreational_1002.jpeg,e433eadc7255414653e6721783e0bd6a96fda6e6a725d0d6ae2a2b13c6e87110,6,6,6,1000,0.030000001192092896,0.99836953333579
Recreational/Recreational_1003.jpeg,e62013f572683173951207868c85b1f99eace7eac17d0f8a4990dbc3f74efe4f,6,6,6,1000,0.030000001192092896,0.9999997477522982
Recreational/Recreational_1004.jpeg,f1e7697a23e267c536535dad8201ebd816dff76a42530628eb83e7455a415768,6,6,6,1000,0.030000001192092896,0.9931210756767541
Recreational/Recreational_1005.jpeg,4e1c58cb8678a8c393f4f0358e799b1f8003909994668ad2972966a1dc1d6538,6,6,6,1000,0.030000001192092896,0.9994277466612402
Recreational/Recreational_1006.jpeg,1179def2052c6eb9000f50563ecbec4100b78886ccb5b5c5410d051815297a65,6,6,6,1000,0.030000001192092896,0.9682500194758177
Recreational/Recreational_1007.jpeg,a52e6c697e5ed2b4af6c1af162b563fd51b4ff851b34da3ebde08bb3c07615f4,6,6,6,1000,0.030000001192092896,0.999913736974122
Recreational/Recreational_1008.jpeg,afb4d94f17bad072c38c1785e8297ad0049125f84555d005d83506d44bb48d77,6,6,6,1000,0.030000001192092896,0.9999996687568853
Recreational/Recreational_1009.jpeg,5dd90b925f17af6254e6f767f5a9f14c1a449f4abc9e0a959c454c96f26e484c,6,6,6,1000,0.030000001192092896,0.9988487544469535
Recreational/Recreational_1010.jpeg,2bdbab894e608e46f6bb33be71e32b28640b00a09dc1b3eaf61daf520bd322b2,6,6,6,1000,0.030000001192092896,0.9999994193692601
Recreational/Recreational_1011.jpeg,a13b782ff35cb1976d6f59b0d4fb5dd016fe82b9255922fcb18e711e1fc72e1c,6,6,6,1000,0.030000001192092896,0.9954944539349526
Recreational/Recreational_1012.jpeg,b89a73bd79b98375dcfa2b92eb414a61373419c8afca7de933e3d9ba71b3b24e,6,6,6,1000,0.030000001192092896,0.9994059478049167
Recreational/Recreational_1013.jpeg,f095d49132a1e4cd8b5a776b2fab1ececa76229d99227649a66ea2f4ed8398a6,6,6,6,1000,0.030000001192092896,0.9999999382876799
Recreational/Recreational_1014.jpeg,95c35f9c559ca78c0d6d4610c92514ea0d7876c28a3c82d61c8acc13ba4218dd,6,6,6,1000,0.030000001192092896,0.9999999257171703
Recreational/Recreational_1015.jpeg,9e5ea6b6a2c2034e83555ede608b00add7d7c6c5a737eeb53a30c0b31f0a943f,6,6,6,1000,0.030000001192092896,0.9999999396063326
Recreational/Recreational_1016.jpeg,f9c8fe6d0b687550f9de94ff67b5a9fafb94962199bba6e2e4c3cb58ee6ac74f,6,6,6,1000,0.030000001192092896,0.9995683698944049
Recreational/Recreational_1017.jpeg,b4e9b4cf712979b3d3c9bf422933cf65eba9d870881c79c7c659eb63aa5c362f,6,6,6,1000,0.030000001192092896,0.9999999401683108
Recreational/Recreational_1018.jpeg,e8892d74371ef36b951c804c4aa4885d2846e2e128530150697756aa643f1668,6,6,6,1000,0.030000001192092896,0.9979570244904608
Recreational/Recreational_1019.jpeg,baa604afd46542c844bf1329c0b6d548dbaabaadab7ebf78561ee99e74e5946f,6,6,6,1000,0.030000001192092896,0.9942499583121389
Recreational/Recreational_1020.jpeg,bb6122a6f7170b6cee45e08ff5390f307d6ae9dcec6c42d0bdb8c3f4e1f79f71,6,6,6,1000,0.030000001192092896,0.9996165877819294
Recreational/Recreational_1021.jpeg,fefbd043cb24f967740935c24d97787e1ab54f8c639bd28fc423667ea157ff15,6,6,6,1000,0.030000001192092896,0.9999975234185285
Recreational/Recreational_1022.jpeg,adcce61a9048de2ba122484c81974e4cbd4cc37c0e458ea36cdbc12d59e0c1d5,6,6,6,1000,0.030000001192092896,0.9996756284672301
Recreational/Recreational_1023.jpeg,202e4142a137031edaa52ea9c2a5f5f9c8df6bbd1a284a6686243f7d85da7673,6,6,6,1000,0.030000001192092896,0.9645937941968441
Recreational/Recreational_1024.jpeg,2ae100fe30f2e7e9789e87624a1952f38dfbee5755c8c969c16abc97515ea107,6,6,6,1000,0.030000001192092896,0.9149218574166298
Recreational/Recreational_1025.jpeg,32055b8e3616d1e4f167c280ab4ca9848c68cb3ce46f189196f2b81748afde20,6,6,1,45,0.030000001192092896,-0.0038015544414520264
Recreational/Recreational_1026.jpeg,d60f34837e3a32a518e661fcb6fbac9d9050936742600b1e24cb58862d7f5b88,6,6,6,1000,0.030000001192092896,0.9993800722586457
Recreational/Recreational_1027.jpeg,69bcb794bcaf6dcefb74a74deaf24aba40e91ccc24b90772c6a4cd095b192e7a,6,6,6,1000,0.030000001192092896,0.9999199534940999
Recreational/Recreational_1028.jpeg,6733967445f847ed8b08c86ea4bce6f25e9b3d346edf941313298dd85f3f9e2d,6,6,6,1000,0.030000001192092896,0.9998095999035286
Recreational/Recreational_1029.jpeg,ffeeac88016a8ce16b0b78d2fd9b34bf5d1201573fa5fa2f55ac93ba7fb0ed13,6,6,6,1000,0.030000001192092896,0.9784146454185247
Recreational/Recreational_1030.jpeg,f9cd0ddc5efa9d71f43225dd8a646cea66e8267c126f7e55a6a26cdbf0a513bd,6,6,6,1000,0.030000001192092896,0.973743224516511
Recreational/Recreational_1031.jpeg,3b66560678d8f89e946a174fa5eb8c0f8082efa029c2ddcaf2b0c780b3eaf93e,6,6,6,1000,0.030000001192092896,0.9982470315298997
Recreational/Recreational_1032.jpeg,86049b9570113886518432be63d459d692189e6861b05d0b2336283bb0b39418,6,6,6,1000,0.030000001192092896,0.9999997859322107
Recreational/Recreational_1033.jpeg,f2d1458a9cdeae3c17126c4e661ce0c5373bd9d7bbb31a5086589451edcc57df,6,6,6,1000,0.030000001192092896,0.999999993777938
Recreational/Recreational_1034.jpeg,71090672689ad0a7140347bd554c3941f69246dac08dd3025cfafa5563094c02,6,9,9,1,0.0,-0.1895524561405182
Recreational/Recreational_1035.jpeg,a3c1604682a83b4790819c4368f08b6784cc3d17872a232a86c96a05e327f8dc,6,6,6,1000,0.030000001192092896,0.9999999053698971
Recreational/Recreational_1036.jpeg,82cd13845ec52132c59e6d240c9c8be7c5ef5f301c0bbec4efa2b2bc9fd59042,6,6,6,1000,0.030000001192092896,0.9999999242312327
Recreational/Recreational_1037.jpeg,d8e10513f14a6f18022cab689e46d62f6b07b20e52b90f670c9d3e5517ac5653,6,6,4,161,0.030000001192092896,-0.003911435604095459
Recreational/Recreational_1038.jpeg,8741dc7d27695ad4b9534837f1d047fb19f0a3d342b896d492e0de1d8dd1652b,6,6,6,1000,0.030000001192092896,0.9999946913978874
Recreational/Recreational_1039.jpeg,34c725b92b68e56f3a1bf8806eae3121df7191b1c8ea31c80748fc2804a4feb6,6,6,6,1000,0.030000001192092896,0.9999995003798148
Recreational/Recreational_1040.jpeg,17849311fa784c5b0cf8f5b41767cde6ee3fbc7ccfc7847af689b3f0777351ff,6,6,6,1000,0.030000001192092896,0.9999999094404188
Recreational/Recreational_1041.jpeg,96067af888c91dca267a75a2c9aca1aa2020e83b3c6d3a5b807e7f4e47e794ff,6,6,6,1000,0.030000001192092896,0.8095440939068794
Recreational/Recreational_1042.jpeg,8380bf5dffa17c97cb0f77cbbdc2203f26a5a111464ce070df89bf24c8c7862d,6,6,6,1000,0.030000001192092896,0.7868440002202988
Recreational/Recreational_1043.jpeg,b0477a1c7f10164db6e9e05fe29193e499d282cd15829391e823ae822020aa3e,6,6,6,1000,0.030000001192092896,0.9999939580968658
Recreational/Recreational_1044.jpeg,79102a0bd00bbf1466a28620e83202f74d37b1df22f6ad6275d3b16905c244f6,6,6,6,1000,0.030000001192092896,0.9609237611293793
Recreational/Recreational_1045.jpeg,ef67d0d6eeccfe04bfb74336316a7350ee4f890428366daebd2e3d947acd1d10,6,6,1,284,0.030000001192092896,-0.001732468605041504
Recreational/Recreational_1046.jpeg,ec69a9e21b1c10fcf811cd48333b49c2922fcdf10837f212e97f954eb5fc9e04,6,6,6,1000,0.030000001192092896,0.9999994905769825
Recreational/Recreational_1047.jpeg,f114ef7bce8770f7e15bd38a646b7bd465f208b7a6742def4eef4344f1b965f8,6,6,6,1000,0.030000001192092896,0.9998076493793633
Recreational/Recreational_1048.jpeg,4160b64bf0b877c73ccc7e1cb2cb56a25de1e3c3fdf0b8a4797735f4cc58fb36,6,6,6,1000,0.030000001192092896,0.9999992518316674
Recreational/Recreational_1049.jpeg,5154143f450e02d125c88e0f6613b043a93219e2bac7ed27de789ddf75b8f6eb,6,6,6,1000,0.030000001192092896,0.9999946313528199
Recreational/Recreational_1050.jpeg,d9912f2acfead1351b580ba8e7399d2f8df2016209126ba2551908deb51384b6,6,6,6,1000,0.030000001192092896,0.9999960796408232
Recreational/Recreational_1051.jpeg,943680744648995b1777aac094eda20cb17089db0e9af3a99fbf4fa2a8c8de7d,6,6,6,1000,0.030000001192092896,0.999999939500011
Recreational/Recreational_1052.jpeg,afc5af6e716773869fc3d027f250c232fdbde4c0b640ce3a527c53723870005e,6,6,6,1000,0.030000001192092896,0.9999973158767261
Recreational/Recreational_1053.jpeg,d70d6b0c668f9d80926cc2f3be225085bd5124f2943d2b61ccc8c537792804d5,6,6,6,1000,0.030000001192092896,0.9999999679413598
Recreational/Recreational_1054.jpeg,903c6b00057e818d21f0a35e35f895a264e5be26b88d1a3f03621b842cedfa72,6,6,6,1000,0.030000001192092896,0.9962741588242352
Recreational/Recreational_1055.jpeg,4e441e5e72e8e74b8f43efcf139474fbc774494bbb559f88c3e678c3cbe25d34,6,6,6,1000,0.030000001192092896,0.9999896821871062
Recreational/Recreational_1056.jpeg,d0508bc9f70a679c12654087f924a06f1847b414ddfff8f41e3711c2333d557a,6,6,6,1000,0.030000001192092896,0.999620252274326
Recreational/Recreational_1057.jpeg,3d5fff9686a4b9c748fe5fec69d8881607f1bdb62718d812404aa67ee4068cc7,6,6,6,1000,0.030000001192092896,0.9999777531875225
Recreational/Recreational_1058.jpeg,e70d40c1168a2c9afb7d500c215c3ce445c48d0e9aac658c9cad2d7695ac3ad4,6,6,6,1000,0.030000001192092896,0.9907828099094331
Recreational/Recreational_1059.jpeg,420160fb45c62f532012fa01d15b25f971e772d212d80f666e61dced3a9ef993,6,6,6,1000,0.030000001192092896,0.43782690167427063
Recreational/Recreational_1060.jpeg,d7fecf57efde21dc77d81bd765a9f2da19d4bb4abb72aede5c161ca33f2fa7b8,6,6,6,1000,0.030000001192092896,0.9999981427338298
Recreational/Recreational_1061.jpeg,4a9de80b2509dd143df0b2ddb1fc74dd6ab4c9c3f40e86624d486e306c0f86a7,6,6,6,1000,0.030000001192092896,0.9969785118009895
Recreational/Recreational_1062.jpeg,27ee52f024e594da70375914ffee556bfd66a03f088d769d26d8d48631c9c9b0,6,6,6,1000,0.030000001192092896,0.9999999403605236
Recreational/Recreational_1063.jpeg,670d71025abf1cc5de2a34252eac3a83c3d1912e1aba88c54c6eb74fe5286339,6,6,6,1000,0.030000001192092896,0.9999846411219551
Recreational/Recreational_1064.jpeg,d149049e38fc0384d904b618bd87f5a320931626fda381f1d3b9a3948ca4aede,6,6,6,1000,0.030000001192092896,0.9999992757365419
Recreational/Recreational_1065.jpeg,f7b20bd2461e894d51ae4cdc7dae3976408d090c337667869b6fd2d9d2ca35b5,6,6,6,1000,0.030000001192092896,0.9968288657255471
Recreational/Recreational_1066.jpeg,d6f695942ff7dbbe96a43ae3fd3b5d833458a28898460b7b89a76b2a71352970,6,6,6,1000,0.030000001192092896,0.9831187194213271
Recreational/Recreational_1067.jpeg,5bb71663abcbd9aca1f9cbbb21a8029cbed1b3b4ef9e9bed09bca352bbc8427a,6,6,6,1000,0.030000001192092896,0.9998530846496578
Recreational/Recreational_1068.jpeg,0467756823c1cdae8a67814937d61182e4988a2675e2e6dcad6411180681b5e4,6,6,6,1000,0.030000001192092896,0.9999703175717514
Recreational/Recreational_1069.jpeg,7bcecae28a3a57026c827767bebec2050057751cd974d02b02a8140df751e892,6,6,6,1000,0.030000001192092896,0.9999238173404592
Recreational/Recreational_1070.jpeg,01299225d572499b6f8530b5662515dbbd65b1fcbbcb5ee6363c93ca6bda5975,6,6,6,1000,0.030000001192092896,0.9909211611375213
Recreational/Recreational_1071.jpeg,faf7879b48881900b8663100faae03e9ca4c0ec408e032f49d1cc203cbf63270,6,6,6,1000,0.030000001192092896,0.9980631975922734
Recreational/Recreational_1072.jpeg,b94f7c2c54bdc02970ec6b004b6289caaad108bea3dd8667dd458bbb24dc339c,6,6,6,1000,0.030000001192092896,0.9958878471516073
Recreational/Recreational_1073.jpeg,be72000a1d5b2361d07460acaa736f82e2032d9c0807746c171539053ae93108,6,6,6,1000,0.030000001192092896,0.9999478725367226
Recreational/Recreational_11.jpeg,a282c9260d6c6e8f9a90167f78d01162f6bb9ef4f54652201a8586697a1d894f,6,6,6,1000,0.030000001192092896,0.7740172818303108
Recreational/Recreational_12.jpeg,410849fa34ccbb139f908fa4961344c39be025efdecaaaa288968c62ec637953,6,6,6,1000,0.030000001192092896,0.5141545087099075
Recreational/Recreational_13.jpeg,9ab0bc9fa1308307a7ed8afbdffa9553328f534d242924122c4337c19a197d21,6,6,6,1000,0.030000001192092896,0.39594611525535583
Recreational/Recreational_14.jpeg,d348ee78350237d682c58ed258360e8e82c121ff61835e47667e1c618e10753d,6,6,6,1000,0.029999971389770508,0.8161482065916061
Recreational/Recreational_15.jpeg,94131f4c6580858d21ef99c879451e4259d23924744334d605f4af1f67efc08d,6,6,0,27,0.030000001192092896,-0.01224207878112793
Recreational/Recreational_16.jpeg,8ebc7a0383231571dbb360e0c9517db959bff829c7aab74f465d82664e5a148c,6,9,9,1,0.0,-0.5194543153047562
Recreational/Recreational_2.jpeg,f9749afb80fffcf7c1f3f6873999d1d60e04f792f3c77ea733161550d2af61fd,6,6,6,1000,0.030000001192092896,0.8917071186006069
Recreational/Recreational_3.jpeg,4ff5c955d9c6de1fb652f841529c7ca2a34ec65e9845c3e91b807a6dc972e6de,6,6,6,1000,0.029999971389770508,0.9300149418413639
Recreational/Recreational_4.jpeg,1bbcbb894fe5291607c5bb7609752486ad53eb2d4ae3fa8924bdb8c3df4948c2,6,6,9,2,0.030000001192092896,-0.5442655235528946
Recreational/Recreational_5.jpeg,e7fade5faae9eb1f4d807f01ecea0f87a091048def9694e804c41e2ae9851f72,6,6,9,692,0.030000001192092896,-0.0013028979301452637
Recreational/Recreational_6.jpeg,f97e0ad174d0f5d117d3c2d31c46b8b9b4ab8812a706f664183f5329e5f6eb1a,6,6,3,130,0.030000001192092896,-0.005837887525558472
Recreational/Recreational_7.jpeg,369bcc289393862da23706bd0e394f0de39020a48c03801de4ea6e33aae888e8,6,6,1,633,0.030000001192092896,-0.0005984604358673096
Recreational/Recreational_8.jpeg,8a54e5edb3beeb15c16038ab99e8617c41ec781591412aecbc1ee87a8a54ab8f,6,6,6,1000,0.030000001192092896,0.23618793487548828
Recreational/Recreational_9.jpeg,49dc688474be03a05e033d10c7d19e29cfb3ff48f33304780f19841fdef03e51,6,6,6,1000,0.030000001192092896,0.8234152570366859
Sailboat/Sailboat_1.jpeg,2e374a91db0aca339a22787f58b71cf19d02b6b74d512304fd93f17a519afb2d,7,9,9,1,0.0,-0.4877416379749775
Sailboat/Sailboat_10.jpeg,ff92b3058322544aedb12a9bc676813eeaf7ab7e7860d9f0785e891aa1e02744,7,8,8,1,0.0,-0.5659168213605881
Sailboat/Sailboat_1001.jpeg,beca075c83622a32313760afc0ebd1e4268b9745b61013902e4026cf2f084e5e,7,6,6,1,0.0,-0.9993318915354318
Sailboat/Sailboat_1002.jpeg,8bb6514c6e62a47b43892ac0d1b39d4863ae87a71fd126307a68f4050c07dab7,7,6,6,1,0.0,-0.9935592392555967
Sailboat/Sailboat_1003.jpeg,34974f060f9328811afead67c3f4cb8a42c02620c6beed3ebc535da637ccaff4,7,6,6,1,0.0,-0.9999840259552002
Sailboat/Sailboat_1004.jpeg,0364bb13c9a51d6178fe7c547a9adfa8168f877fbec6a5b3583fd236c237ec52,7,8,8,1,0.0,-0.42479512840509415
Sailboat/Sailboat_1005.jpeg,17b4fd412299b18dd972b166dd0b5c4bb04c0b53de5b438c4ef2a64c913efa72,7,6,6,1,0.0,-0.9992770546990105
Sailboat/Sailboat_1006.jpeg,db5cd656d3cd1b81ab4915bc83e9a042ad04188c58cec9889e00044f6ab916b4,7,6,6,1,0.0,-0.7075952673330903
Sailboat/Sailboat_1007.jpeg,5bf6d9a9635d2dc028da941a36530142e39731d189ba533e55f95e259c6f96e1,7,6,6,1,0.0,-0.9977091524119936
Sailboat/Sailboat_1008.jpeg,6776e50d1d7420e26c964b7762c781b32394fe0ee446e9fdcb75aed0746365fc,7,6,6,1,0.0,-0.996834686740165
Sailboat/Sailboat_1009.jpeg,bb19cb72db280f3bd18fbe19a2ac6e919529df05c85c51702eccec0a92efeed1,7,9,9,1,0.0,-0.35827536694705486
Sailboat/Sailboat_1010.jpeg,ef77fdd26db5a1a1174c068ad30156fd53ea0fe1fece891f2fb6115a57df3c9a,7,6,6,1,0.0,-0.9999249570654938
Sailboat/Sailboat_1011.jpeg,73261a8aa5ed064a6c56aacf51b62edb2e28c03403872f92776c8ad006c483f2,7,1,1,1,0.0,-0.7096939377952367
Sailboat/Sailboat_1012.jpeg,6acdf81aaf013a0eb8981493d9eeeb7f06d8153c1055864776efae68b4b0a4eb,7,6,6,1,0.0,-0.8877057430615447
Sailboat/Sailboat_1013.jpeg,c6752f0e3062fd683446ec333c41c6045722b0d712b901818722a9ef2c9cfc79,7,6,6,1,0.0,-0.9999240034574214
Sailboat/Sailboat_1014.jpeg,b9b607eea6d09dd3c15c875d7826bb75ed82958ba8c1b60d73f6a84a3d7d682b,7,1,1,1,0.0,-0.5016879205891964
Sailboat/Sailboat_1015.jpeg,6eb6cb8f7e74261f6026d226a52706de33c89cf3b07968272c9085bacf85bac5,7,6,6,1,0.0,-0.9939259868115187
Sailboat/Sailboat_1016.jpeg,5002ecd1240d30e4e23b1c3d36c255979b23e6313a4db73b1072bc64ec299b57,7,6,6,1,0.0,-0.9996888636920104
Sailboat/Sailboat_1017.jpeg,42072ca9145d6fbfba04292e22f6e67ed1faf788a8a0583d94ea72afca996209,7,6,6,1,0.0,-0.944018719765154
Sailboat/Sailboat_1018.jpeg,641ed1495adfb6cf257aafd05767b82b4b3b5e42d5421987b0ffc0fb2326d02b,7,6,6,1,0.0,-0.9656123584611578
Sailboat/Sailboat_1019.jpeg,cd785ffb14808b73c923cf22aaf6aa78633157a99fb1de8de8176af8684d3326,7,6,6,1,0.0,-0.9972410674911218
Sailboat/Sailboat_1020.jpeg,b850a3f5a66434b1e5d50c8fca3cf579cd6da501a56bb1fbd97e99ed460dc4d4,7,1,1,1,0.0,-0.5856447788962427
Sailboat/Sailboat_1021.jpeg,1a9fe04509e28a1940c227b4df3dfbb963d01c288c94f77020e1a66b90aa1114,7,6,6,1,0.0,-0.9999999403953552
Sailboat/Sailboat_1022.jpeg,5148be737efe6ad7dd177ba7b7e873cf78c02638c3540c74bd859f2ac3e5d2f0,7,1,1,1,0.0,-0.7566872468742076
Sailboat/Sailboat_1023.jpeg,2ae42392e5d812c7599254aba7c9cf866dee8807cf9c2d2ec37fc39bb00ed730,7,6,6,1,0.0,-0.9289966181418645
Sailboat/Sailboat_1024.jpeg,0956906bf1a496a5291135c9a1d73dcb6ae9020995afc2a62b2038f59e2dd464,7,6,6,1,0.0,-0.9811291143823837
Sailboat/Sailboat_1025.jpeg,db5cd656d3cd1b81ab4915bc83e9a042ad04188c58cec9889e00044f6ab916b4,7,6,6,1,0.0,-0.7075953250750899
Sailboat/Sailboat_1026.jpeg,d56f323bcdfa93eca810063c03779fb8856a1208847d6170156bbac4b1f85999,7,8,8,1,0.0,-0.754712613299489
Sailboat/Sailboat_1027.jpeg,db5cd656d3cd1b81ab4915bc83e9a042ad04188c58cec9889e00044f6ab916b4,7,6,6,1,0.0,-0.7075952673330903
Sailboat/Sailboat_1028.jpeg,c282e4a539c23506d6b049fa86a1b72e8cf873b6268368a1b763be00e078e752,7,7,5,2,0.030000001192092896,-0.043409883975982666
Sailboat/Sailboat_1029.jpeg,4c053346cd955723ec91bdcfa79b8e9522e3aa4fbe8dd0a89cf390972fd86187,7,6,6,1,0.0,-0.9715856388095077
Sailboat/Sailboat_1030.jpeg,964522d0f8e5275983d071c7f0f8d70e0f58ab31a9cbb4579303af3bbe22489c,7,6,6,1,0.0,-0.9978023074854105
Sailboat/Sailboat_1031.jpeg,f7157ab4fe86a84abc35ae5bffe2395e2ac1faf5b25c8348f6e99c04db6b1dbf,7,6,6,1,0.0,-0.9999993443489075
Sailboat/Sailboat_1032.jpeg,8d3710d6ee7e97eea96a8306e5ffb7a79c7661e0669ef2e4a443fae6de345a5b,7,6,6,1,0.0,-0.99940252303372
Sailboat/Sailboat_1033.jpeg,69ad89af4b6d5375f157dba041586280b27c82be8d968155bd292b2115f5bc57,7,1,1,1,0.0,-0.5746410953015584
Sailboat/Sailboat_1034.jpeg,d96edf3d8a53930eccc7b698b0a66e55b72cadc6fcd14994aaf28fa2f434a29a,7,6,6,1,0.0,-0.9345246239245171
Sailboat/Sailboat_1035.jpeg,f735beef13ca0a891fa7d27f448b4bff5b08521462d541d9445066f383ef0e49,7,9,9,1,0.0,-0.28897499665617943
Sailboat/Sailboat_1036.jpeg,0961fc7e31d66959685e92dd14eb3f5e1e3f996b50b00c990a83774156ed1c3c,7,7,6,294,0.030000001192092896,-0.0008092224597930908
Sailboat/Sailboat_1037.jpeg,111a6a37a844979b8aa9ef0359c368bfc50ae11802161f34d57d4d37d294580d,7,6,6,1,0.0,-0.8904201604091213
Sailboat/Sailboat_1038.jpeg,7d07af3420a4eae25d6fd1f799a246f3021fbd838aeb1939fe47170bd5ebfc00,7,9,9,1,0.0,-0.7374245119281113
Sailboat/Sailboat_1039.jpeg,848b8660cb60c7f4f06ad995d69ea5c0de94d8aa43d44ba046da86ec2d960888,7,6,6,1,0.0,-0.6287465169116331
Sailboat/Sailboat_1040.jpeg,e84b7a5fa5a6e308cc503181f26d44c92a19fffd6c2f12d78f3d9351b2481e19,7,6,6,1,0.0,-0.9999963640995734
Sailboat/Sailboat_1041.jpeg,3be64a4a1f1df7660ae6e751beafea1cec1a334258c42766befbdf1e9586a608,7,6,6,1,0.0,-0.9999687075614894
Sailboat/Sailboat_1042.jpeg,756b3006d18345cf92a4cd188c04f293f2108efd13a68da173e195562105eaee,7,1,1,1,0.0,-0.9621684764497331
Sailboat/Sailboat_1043.jpeg,6ad40576645459c8ce37f177fa86e589cf1eb7fa4a2dabc03d6a4655a1a6a77e,7,6,6,1,0.0,-0.9999879597637806
Sailboat/Sailboat_1044.jpeg,63f005f7a6e3c379dacc08a4218b81ad22e6b3801d1fd0529dd4538e63031c1c,7,6,6,1,0.0,-0.9999996423721298
Sailboat/Sailboat_1045.jpeg,946eba38c7c0eaa051085ca849078fd337495670d79b9fa3c283dc7b58587ac6,7,5,5,1,0.0,-0.3803805783390999
Sailboat/Sailboat_1046.jpeg,4a629188917d595920ba09320f006eeae9fd7088627403a90524c2fe722c5112,7,6,6,1,0.0,-0.9787905227613471
Sailboat/Sailboat_1047.jpeg,938e8150c1e274f5d8cfdde5ff7a400479a64009ab51ac87f7fa50c7464e037f,7,1,1,1,0.0,-0.5005794213755053
Sailboat/Sailboat_1048.jpeg,21e3ffa4b1b7446bc2b1b4f43e7560b28a6d21a124b51a5f358e0efdc9d3f989,7,6,6,1,0.0,-0.9996929164356207
Sailboat/Sailboat_1049.jpeg,18f15267a018cae15613c95f57da05de42672475d184921a9ca94050b3720d64,7,5,5,1,0.0,-0.35098770819604397
Sailboat/Sailboat_1050.jpeg,aca1618b626a1a68ac38e99cae5915b71c9cec85a8b881a62532d39cea55d384,7,6,6,1,0.0,-0.9371501823858353
Sailboat/Sailboat_1051.jpeg,4dbae0a1b803ef43e0a89955a2f6c136aefde12537dbee173651710ea57488a4,7,1,1,1,0.0,-0.7547183055430651
Sailboat/Sailboat_1052.jpeg,cc57c927762a7ea63bf2d96a9e840543958dd70d49425ab116df8bd7a46b6bb3,7,6,6,1,0.0,-0.9999958872795055
Sailboat/Sailboat_1053.jpeg,5b0b49a0a9976619e7b4c24aa1e510dffcf72ab7340413e1ace70fb9254821ed,7,6,6,1,0.0,-0.8975112417538185
Sailboat/Sailboat_1054.jpeg,b4eebc3328d4976a00a0fa9f4029cdf5930f253d23fc330a5d1b022b765b2253,7,6,6,1,0.0,-0.6060504717606818
Sailboat/Sailboat_1055.jpeg,ba6737604d1da8e37d03c34d21efc26765d7d73ef8e544057fcd482e801870fa,7,6,6,1,0.0,-0.9758467766437207
Sailboat/Sailboat_1056.jpeg,ee0b156f8f17c9bc4e3571374a3bf30aa546821bc5b606e292b6218767b415aa,7,1,1,1,0.0,-0.9908024242031388
Sailboat/Sailboat_1057.jpeg,5054fc8d6b1998aee8aa7352e0952c3fd6bf256d2a67a5522d87e73c15d4adab,7,6,6,1,0.0,-0.9997158050536142
Sailboat/Sailboat_1058.jpeg,2c6d3766d3ff801d4ee75df41563d35b7b37a7bd85e0ebd8546611e7ca589f4e,7,1,1,1,0.0,-0.5512297661043704
Sailboat/Sailboat_1059.jpeg,321048fb2de9c35f0cfb5ee7ead6bdfb776be654c8a2ae6a6f45eebfbc4a7fe4,7,6,6,1,0.0,-0.6688119098544121
Sailboat/Sailboat_11.jpeg,d8ed869be16569fe4b906704c9c73635372552b2785caebfb020d5c4166d745c,7,8,8,1,0.0,-0.363560751080513
Sailboat/Sailboat_12.jpeg,b0168345c85d8fa4d1ae1928997cc7c68fef6e5e8268f8f5211982cbfac4630f,7,7,0,125,0.030000001192092896,-0.004618465900421143
Sailboat/Sailboat_13.jpeg,0f74ab9efa9b8846e4f9516368eaf51656bb4e1f484ce78a624948822a0d9535,7,7,7,1000,0.030000001192092896,0.9830476050265133
Sailboat/Sailboat_14.jpeg,4d7c5f6c73498225bd034ce2767e16da981c50356f8255bbfe34f2b2fb40cc98,7,7,8,88,0.030000001192092896,-0.009522020816802979
Sailboat/Sailboat_15.jpeg,b76ffc7fa06a1e6f086ffe6244afb9104b0bf08ec25421c7f1a2d7ec7437feb3,7,6,6,1,0.0,-0.39843687415122986
Sailboat/Sailboat_2.jpeg,27869a27b5c95e0e18b5cb1e7107e3ef9439a51772fadfd6ccc7a26dddfa281f,7,8,8,1,0.0,-0.2625049650669098
Sailboat/Sailboat_3.jpeg,b83a15ecfa23cee707f5ad22d226c5027359129ca4b35f46e9dd86186ca3c628,7,7,6,232,0.030000001192092896,-0.005140185356140137
Sailboat/Sailboat_4.jpeg,64e898f5dd21546852a55bdc5ee6976aa16607f3a98a8af0e4a3c54f5912a3d5,7,8,8,1,0.0,-0.5132369250059128
Sailboat/Sailboat_5.jpeg,5196846ce6d160dddcc2ae89cf37abfc875ca9214b0c7e123972d4d1964f91c6,7,7,6,91,0.030000001192092896,-0.01753982901573181
Sailboat/Sailboat_6.jpeg,8533b91d9deeef906fbe31a2cbdd844dbbc71306892f0f3eeb12fd20c725bb85,7,6,6,1,0.0,-0.9602521784836426
Sailboat/Sailboat_7.jpeg,354c02f7d1c8c077d6143b621fcbf5e5dbf09d533c8f1817acb5150285c992f5,7,8,8,1,0.0,-0.9181889286264777
Sailboat/Sailboat_8.jpeg,31845fd04e0c25ff1590ff526068ea21d6c2adfd57caf7b364e871ad31f0de58,7,7,7,1000,0.030000001192092896,0.9679136043414474
Sailboat/Sailboat_9.jpeg,6b3b6b5074b8d0562083273d3d38ab4e281f83932715135d2cc8bd69636308bb,7,7,7,1000,0.030000001192092896,0.9633500287309289
Submarine/Submarine_1.jpeg,86408fe835186b17d6bed015ffecfd1a6452810265b75a5cb82bedf4e6691288,8,6,6,1,0.0,-0.4790152683854103
Submarine/Submarine_10.jpeg,5e748b0bb5a5591b3b6ce42668d626dad84eaa460f2c088bf302f2ef584367a9,8,8,8,1000,0.030000001192092896,0.9092749580740929
Submarine/Submarine_1001.jpeg,7890dd3f1526e7ab2d54e109309006fc7596d20bfc70de39772447efed341635,8,6,6,1,0.0,-0.9946743658802006
Submarine/Submarine_1002.jpeg,6fa9b8b4b1d322fc4aeb05e71cb3ff47923945249117958f3e32f570cd848b34,8,8,8,1000,0.030000001192092896,0.6302584409713745
Submarine/Submarine_1003.jpeg,e4ce14812ac012b8d99367795bf5c13f779dc3fd6405d9e589b22fac790a0024,8,6,6,1,0.0,-0.9930677739903331
Submarine/Submarine_1004.jpeg,a7a8924ddd751d003d776e712ec120b22013411f3579f63783983b4755e19b56,8,6,6,1,0.0,-0.2897091507911682
Submarine/Submarine_1005.jpeg,5c133de205608a9cbb1c1d78f711f7fc950d2a164aa9dab0736c3728d695a701,8,1,1,1,0.0,-0.13088005781173706
Submarine/Submarine_1006.jpeg,62b163f53c5e3bb464cfac54b9cbf4af8c28ff1cb8fcdb51992e93527c8e0c57,8,6,6,1,0.0,-0.9962650202796794
Submarine/Submarine_1007.jpeg,287bd05f60444ba1f5e18fdb80d045d679531aca1754b09d81e3bd5bc51a5dd2,8,6,6,1,0.0,-0.7128986955794971
Submarine/Submarine_1008.jpeg,98727c9adf756cc39fbdf52f62abde33faaa8473bb6095709d152dbe30b81bcc,8,6,6,1,0.0,-0.9162254915572703
Submarine/Submarine_1009.jpeg,5d70ecfa3cbacf5ddff49f4a907f8adbf8fa990bfc78330397ad847f37776cd9,8,6,6,1,0.0,-0.9994374905882069
Submarine/Submarine_1010.jpeg,063662067c298e44a57b9e4fa79a21d1b20ce30cb6ee1f1d88db00e06ecde020,8,9,9,1,0.0,-0.9997192994117086
Submarine/Submarine_1011.jpeg,62112bf7bc05e7873f01b801c27d8c54098980ef40957be32da472c221959d3d,8,8,8,1000,0.030000001192092896,0.8913789168000221
Submarine/Submarine_1012.jpeg,89a3edd7f825da4114fe4025b930efb0af5f4749f3f9346757c2d9448ebe1340,8,6,6,1,0.0,-0.9998988509056943
Submarine/Submarine_1013.jpeg,fd98aa376c38db8cf7d2642e1cc2675c5d976f5a8183f5825f937c88667742dc,8,6,6,1,0.0,-0.654759980738163
Submarine/Submarine_1014.jpeg,a499f4159a7758cc2a49f1a6e3f9a70106a1b19aeef4e43760e9a6d3b59bbde6,8,6,6,1,0.0,-0.9998133221594969
Submarine/Submarine_1015.jpeg,a8554cb731cfd7a54bd5a1a71b4d3e05eb58f8567cf399e7464555e6d65fca60,8,6,6,1,0.0,-0.9454482644796371
Submarine/Submarine_1016.jpeg,a4fdf59423665e5d98884fb50010d422c6f6556d581fdb1111b8c9b861b41034,8,6,6,1,0.0,-0.9573130682110786
Submarine/Submarine_1017.jpeg,cbd56b2b49ede8efdb79c2432a386dfb70d56b8145d19084acf69e363ed9a2cf,8,6,6,1,0.0,-0.9999994078995087
Submarine/Submarine_1018.jpeg,ba50108fad623db94b3be19dccd035bf27668650eacbaff72f2771c3158e948b,8,8,6,564,0.030000001192092896,-0.0010848045349121094
Submarine/Submarine_1019.jpeg,f02ecd97e20d24205991c0deff27a66f51ae548d4ab5ded4e0c03225ccdc5cd5,8,0,0,1,0.0,-0.3384849317371845
Submarine/Submarine_1020.jpeg,ad5655758f9b8c788ddfd3d43ac885fedf5c97c587f45153982566763637295e,8,6,6,1,0.0,-0.864334762096405
Submarine/Submarine_1021.jpeg,2e3b3ec498695a133e2e0c8f2099166f4d4d7b97b1914096fabdc237397537fe,8,6,6,1,0.0,-0.8572812527418137
Submarine/Submarine_1022.jpeg,03c2dfb7e93b0b2751dc9a0bdc58abe5516d72409893f248b148b5b278039b05,8,6,6,1,0.0,-0.6441622078418732
Submarine/Submarine_1023.jpeg,d904beead298a1890938baef52968e209ba8ec55fb6cc43433f07f378d103a0b,8,6,6,1,0.0,-0.999973813981498
Submarine/Submarine_1024.jpeg,96b28c38df7f8a7c80ecb6dfc712236b40e24e88063e59a3262958c3f17212ed,8,6,6,1,0.0,-0.9994812627407441
Submarine/Submarine_1025.jpeg,15c04dd465bfeb74bc4e23c4f5fa185fab00e475c4a30852e04a179c651f8945,8,6,6,1,0.0,-0.7171273337742008
Submarine/Submarine_1026.jpeg,fa60bb010f6912c45f6dbf1b7a661f53aa99849c10bf3903141c313a373ab91b,8,6,6,1,0.0,-0.7290477901697159
Submarine/Submarine_1027.jpeg,f52aa76664f43d70d66d0c17b5dc414c49c9058981f770930a25b760c586c776,8,6,6,1,0.0,-0.971926742233336
Submarine/Submarine_1028.jpeg,49ca0cb646e7e01c8416040560d33bd916f4db854a9f6faf719ddd1ddc2fb4d8,8,2,2,1,0.0,-0.8908281917101704
Submarine/Submarine_11.jpeg,4ce2ea4281940cb97f2e32be781bd9aadcce19f4689173fa2a883a9a3ac67744,8,8,8,1000,0.030000001192092896,0.8871196657419205
Submarine/Submarine_12.jpeg,70196ed02979fa7d5a64cef5e97aadb2f4ff76f755d30b64fea47d06e05dee56,8,8,8,1000,0.030000001192092896,0.9897933984175324
Submarine/Submarine_13.jpeg,5863e548e005a1b1303f647bab699f8d46863ae4677a35557c007dfd0c4df671,8,8,8,1000,0.030000001192092896,0.9992641393037047
Submarine/Submarine_14.jpeg,dcf3027876d0e8362eae31a47c2f1f8e4564d213fc8198a8643c1ad1e0f78d64,8,8,8,1000,0.030000001192092896,0.36440446972846985
Submarine/Submarine_15.jpeg,604f5a3ff249817d049e585767a3d677f9471f36079ef1693e8439851ad10f87,8,8,8,1000,0.030000001192092896,0.937651613727212
Submarine/Submarine_16.jpeg,aa02a4949b8a805e30d83492fad46aa7af60450144c0dcd8ab3a29007301cd3b,8,8,8,1000,0.030000001192092896,0.9241745956242085
Submarine/Submarine_17.jpeg,ba002da8a4f5f422632c17610af515a0cd20b1bab1dc36955f8826b523cd94dc,8,8,9,63,0.030000001192092896,-0.012842625379562378
Submarine/Submarine_18.jpeg,143a25567bd0ebc31336d5cd560e1e9a17ace4eb80866a29a235f571a4760992,8,8,8,1000,0.030000001192092896,0.9965160951251164
Submarine/Submarine_19.jpeg,71a97165d4978f8586e6af22379f380035688a25f8db3557466b59d8efa880ea,8,8,8,1000,0.030000001192092896,0.9999999379911959
Submarine/Submarine_2.jpeg,f527390454e9c62dd4c828c2354341c1dab2af22bb2fb3f4dd38f4478bdcbfe0,8,8,8,1000,0.030000001192092896,0.9959287538658828
Submarine/Submarine_20.jpeg,914d472466fc325257b641f0fc23607c4076880d415fdbb24261961ae5d855b0,8,8,8,1000,0.030000001192092896,0.9997713748234673
Submarine/Submarine_21.jpeg,f9a084107bd9d8c847fea2ec4cae50f45ff8aac2c3eb1413d2873b27ce460039,8,8,8,1000,0.030000001192092896,0.6628369688987732
Submarine/Submarine_22.jpeg,f40e35de887292edd120f3a4f99c397730fc836594372164f97073c97efc00cb,8,8,0,2,0.030000001192092896,-0.6093855798244476
Submarine/Submarine_23.jpeg,1303df4968d631f1365b2c8b4818cb097e1c3250de7f89a46906132fa61a60e9,8,8,8,1000,0.030000001192092896,0.9951829134952277
Submarine/Submarine_24.jpeg,34f7d5ceb182de3112c7255607c8ab65e82261930711196107762f414a46efab,8,8,0,327,0.030000001192092896,-0.00776556134223938
Submarine/Submarine_25.jpeg,c2e6426f0acca1294021818d5a03a24570eb5100f8a589a7c52d2d4a976d52de,8,8,7,396,0.030000001192092896,-0.008194327354431152
Submarine/Submarine_26.jpeg,4cc3c16ed7635acd062a59803c59065c1fc2f945b23b39fee4b841b8d3122a82,8,8,8,1000,0.030000001192092896,0.9999890034969212
Submarine/Submarine_27.jpeg,58838cb56dbb0b95b56110049d35d665156e998145c25e11cc629f33443f5097,8,8,8,1000,0.030000001192092896,0.997866059304215
Submarine/Submarine_28.jpeg,93d5f4b096f4280219e97ca1e7e9d0738cdce1e48438414b3a068d9ff29b50d0,8,8,8,1000,0.030000001192092896,0.5311262682080269
Submarine/Submarine_29.jpeg,9c232ab576aa07436169f7582ec683ea8e225d168fd64d25515c5a768088cc30,8,8,8,1000,0.030000001192092896,0.9999786077569297
Submarine/Submarine_3.jpeg,0fa2ad3993142e2770651b4df6d0e2d7ac393940c6aa2d5a976f4eeaa58d38bd,8,8,8,1000,0.030000001192092896,0.043314337730407715
Submarine/Submarine_30.jpeg,15ef2b917224287444318fea0287520d5ca5d1a72ba2ca3a6a5fb2d7a8020235,8,8,8,1000,0.030000001192092896,0.9999118734194781
Submarine/Submarine_31.jpeg,2259ea543103ba7c7117bcab2d11b0863a421751cc26f86a6e9fba4d3e7b2d35,8,8,8,1000,0.030000001192092896,0.9999994586241598
Submarine/Submarine_32.jpeg,ac0f392eb57ec88714f81682549ca40cff9a88fdb176e6de877874898cbdc002,8,8,8,1000,0.030000001192092896,0.9990441408008337
Submarine/Submarine_33.jpeg,7549bc91b984ba53c6a28d7310e50ae2000a04209206c678c8c65aca82009274,8,8,8,1000,0.030000001192092896,0.9875708939507604
Submarine/Submarine_34.jpeg,872dacc1c59d34a7f63fd6c4364add5d408f8c0610b227969ef7f436ce4b9527,8,8,8,1000,0.030000001192092896,0.7561214789748192
Submarine/Submarine_35.jpeg,c86839fff2272f67388c27db75ae011c98d7b501c1c6f07b8bf5e185abbe0d9d,8,8,8,1000,0.030000001192092896,0.9176565520465374
Submarine/Submarine_36.jpeg,1895f68605d530f225a71376300f95639778658812a087bf065a33a249dbf563,8,8,8,1000,0.030000001192092896,0.6806148290634155
Submarine/Submarine_37.jpeg,8b4b974656df97af5e662ad12f1f106677ce0e1f2c180d85c0cfd95719cd09ab,8,8,8,1000,0.030000001192092896,0.9982669514138252
Submarine/Submarine_38.jpeg,beb5d09459ab7dbba37712f86203c72eeeefd355ed6a4b16400df7948927ee9e,8,6,6,1,0.0,-0.6258336156606674
Submarine/Submarine_4.jpeg,59b07f66a3d81eb42be1b54589d31115e99ee357c49cf894bb4beacd95277d45,8,8,5,295,0.030000001192092896,-0.003101855516433716
Submarine/Submarine_5.jpeg,4bb7b6b2b3b0d589b18c25ec69a3547b046e27668a2f7716d4e0bcdf399402ba,8,8,8,1000,0.030000001192092896,0.9873567237518728
Submarine/Submarine_6.jpeg,0619966a4b97f9703d0aef2a2014f71e44c2aa99258dbc803b2a9262a8d2f2f3,8,8,0,722,0.030000001192092896,-0.0012871921062469482
Submarine/Submarine_7.jpeg,2d212eb8d50acafe3cfd784b9a338f8c8214ff16ddcd21e9bacebf1c94d35d76,8,8,8,1000,0.030000001192092896,0.4865172654390335
Submarine/Submarine_8.jpeg,efe4f4fba4b89bdb739feababaa015c3638d254801d02919b3532d700acf1e4e,8,8,8,1000,0.030000001192092896,0.8211603686213493
Submarine/Submarine_9.jpeg,91bdbc4ca0cbbb0aa83e35dcf62047142374047b95256360cf539d7923d20a4a,8,8,3,2,0.030000001192092896,-0.012846797704696655
Tug/Tug_1.jpeg,71ad546124372a5c672ef0a4894ad00bd0212150b3699f12c72d4b12e8d1e146,9,9,9,1000,0.030000001192092896,0.938847329467535
Tug/Tug_10.jpeg,a75377c0ed50419dbc8238cbaa487649e41ff39d8683b2d8524bc4d9e848fb9f,9,9,9,1000,0.030000001192092896,0.8408855646848679
Tug/Tug_1001.jpeg,172e22a91ef8e5bf42e3e01417060b215f86fcff55371e8d54fdd38b17661bae,9,1,1,1,0.0,-0.5252638958554599
Tug/Tug_1002.jpeg,b38467a03ac2beac2269ffdc3e37bbc7af235b33124940a66ab5ec02eca9d12c,9,6,6,1,0.0,-0.9718908577448815
Tug/Tug_1003.jpeg,ac17e9833e0542c1d2551f8ac70327bf61bc0975fd470670e9f0e2cbb8be883c,9,9,1,2,0.030000001192092896,-0.49464400112628937
Tug/Tug_1004.jpeg,738380c3d56c2186df72c653ff85ff52cd799810b1d14a18799181f16c5f5f9c,9,6,6,1,0.0,-0.9999934434097627
Tug/Tug_1005.jpeg,e820ac6453337440b0d5e5f8c36f5ee4e67b9efa830fb0c62784a2cfec5535fb,9,6,6,1,0.0,-0.9053437186594238
Tug/Tug_1006.jpeg,b4fa360783388600491bd71e937b6000392d17120f679243eb674a36efbbe23b,9,1,1,1,0.0,-0.5165196084417403
Tug/Tug_1007.jpeg,44dd6653742e87f566373a555f4bda876e2f92c98d11f5cf47cd336ab2227f41,9,6,6,1,0.0,-0.9887521889031632
Tug/Tug_1008.jpeg,17af447e37ee621b3ad9e126878b26c093b73c6dd1fa4f19227e1c19357be4d3,9,6,6,1,0.0,-0.9987539822213876
Tug/Tug_1009.jpeg,08b67ba7ec115f1764d63489f1327b68bc79a69f3ea354004cd9411aa37b7cdd,9,6,6,1,0.0,-0.5368550646397345
Tug/Tug_1010.jpeg,7166e815e87b014144f076a7bc9eec8dbd49283c44a0fefd7ef6aa26634aa268,9,6,6,1,0.0,-0.9448141769426002
Tug/Tug_1011.jpeg,814517a482ee20c6cbace8119ff01a2045782fc52259dc706104366f3e00f482,9,1,1,1,0.0,-0.9181754179298878
Tug/Tug_1012.jpeg,d6a558ad5b5d24e42ddb6e381ded2b9e0e538555d9c9d33aeea2e43f11f07d13,9,6,6,1,0.0,-0.9516191110014915
Tug/Tug_1013.jpeg,3d58b222f13adb3aebdb9675e7c8a66df30a4036228a1d6a29f87f6676ded3ec,9,6,6,1,0.0,-0.9977053848269861
Tug/Tug_1014.jpeg,026adf65735a24c02bb1116e79c64fe21edc3d3c75d0997e558a3654b1019392,9,6,6,1,0.0,-0.9946438928309362
Tug/Tug_1015.jpeg,0b16d9726306411e68849c8fdb0edc915cc8d87e27c739dee69c4a358d9f75e6,9,6,6,1,0.0,-0.9875591218944209
Tug/Tug_1016.jpeg,6af9f6550bbf6f076d2ee8c0b016f8f898d32a7491dd317681ed2a3f3af20cd8,9,9,9,1000,0.030000001192092896,0.9516368638724089
Tug/Tug_1017.jpeg,ecc14ecafd730eb9a7ca47c112f0d734ad53ed17a2d0210477be7a16b84cffc3,9,9,6,91,0.030000001192092896,-0.0027014613151550293
Tug/Tug_1018.jpeg,376d2caabc47b8597c049d72faf6b10fbe0d5356f622881488135712da5b9e01,9,6,6,1,0.0,-0.9976464972623944
Tug/Tug_1019.jpeg,62898339f38dbfd9cdfc44a9834ead5800b6f39cfa04df2c1d8e16448c0eefb4,9,9,9,1000,0.030000001192092896,0.9280770421028137
Tug/Tug_1020.jpeg,9821ac85dfe64c0e1570b661af19352e92511584a9a94ef98dc96f4d1fd50e3d,9,1,1,1,0.0,-0.9561496826354414
Tug/Tug_1021.jpeg,cd087223645cb82be64b664f66a878ffcd2b12db5bf4d41f8cc9c1586d9f932d,9,6,6,1,0.0,-0.9910062878625467
Tug/Tug_1022.jpeg,cf76d258f6916bd3e002b556549de2a69493a26e26e8df12bc317c94fd1b64f9,9,6,6,1,0.0,-0.9993558802887037
Tug/Tug_1023.jpeg,72ef024fb0b81f338af0bbe2ca9852e65ccb421e6c9f2b3d1d4f9d54bdf790ff,9,6,6,1,0.0,-0.9999929627108313
Tug/Tug_1024.jpeg,b5bf8c427a8f997528053ee41d06493727b16d4a8ecc16c2d4e318cdc4457992,9,1,1,1,0.0,-0.974397186265378
Tug/Tug_1025.jpeg,c125c6a41481000e0e890e6341f948dac38d211d024c8ee794fbbac0fdccd39d,9,9,9,1000,0.030000001192092896,0.9347911216318607
Tug/Tug_1026.jpeg,52b93f3abf4c0fae0bcd59e773feea555b2a43b37906391ea19a61e16a78028a,9,6,6,1,0.0,-0.9983009054121794
Tug/Tug_1027.jpeg,3ec7f70ad78ad5947ed3d76a6dfa72916a2f904aec682da22d36522114b3eeed,9,9,9,1000,0.030000001192092896,0.7457382827997208
Tug/Tug_1028.jpeg,60a79e71f02fd408ec2d8ea7563f551b1c2eb6f4c4a674ab4241d204db6be45c,9,9,9,1000,0.030000001192092896,0.6495035588741302
Tug/Tug_1029.jpeg,e781c4fbec70bcd02fa2310e92c96e7121ed68a0a16cc54fe303361def58c213,9,6,6,1,0.0,-0.999632477751111
Tug/Tug_1030.jpeg,ad31fdf77d2ee71298c5f057aa5695c89b2bbbe825cb95f48172ab505e6f5288,9,6,6,1,0.0,-0.9994248150214594
Tug/Tug_1031.jpeg,8d429d1ee4ed9777dd9bcb0e31e6cffe1846d79b89af363bc7d584f3bfb9a476,9,1,1,1,0.0,-0.7827392477338435
Tug/Tug_1032.jpeg,7c50c170616ef4f3eca8ea27a03619a21aa1bb444f3698c67a6602f7dbc4400f,9,6,6,1,0.0,-0.9854693622328341
Tug/Tug_1033.jpeg,8aa69c851b267565248f08d7e30df77ead90fa16d3592f0f6885d2bfee0621d1,9,6,6,1,0.0,-0.9999998149414515
Tug/Tug_11.jpeg,81a593d879b8014d33e07e3e8086fb6bb8b988f6d3be5c51c2c1fb67e5067b4a,9,6,6,1,0.0,-0.3356810212135315
Tug/Tug_12.jpeg,4228221a21e1e15af1b5bec81f17cf54162260d7ba33bdd13a3801623075ec55,9,9,9,1000,0.030000001192092896,0.505818098783493
Tug/Tug_13.jpeg,5e601969ef42ec2507566028ef6bffbea7f87c0221b87973719face253233b7f,9,9,3,32,0.030000001192092896,-0.02948373556137085
Tug/Tug_14.jpeg,cf9fc2d154e62d6cbe09f0150e97dc628f4c0cc3d2530b3c8a601c14cba0a506,9,9,9,1000,0.030000001192092896,0.9991306527808774
Tug/Tug_15.jpeg,61cf7771b18edf03a403799ee4d200d5ea32950527b7e28a7deb3ab80377d342,9,9,9,1000,0.030000001192092896,0.7725495100021362
Tug/Tug_16.jpeg,95dc38ba4983e4e2344bd36b3993b68813604ae2de7b00a6615bd2466b8633d4,9,9,9,1000,0.030000001192092896,0.9986430222634226
Tug/Tug_17.jpeg,03ee13c63982e4797eae578038b0930c31d201a7ededcbfa0231362aebede605,9,9,9,1000,0.030000001192092896,0.3296566307544708
Tug/Tug_18.jpeg,0897b2f9c20d7bcf4928ff2b5920e38efa3ff02adcfdee2c5eb73ad1d0fd93fe,9,9,3,536,0.030000001192092896,-0.0006891787052154541
Tug/Tug_19.jpeg,02006abdd94a8443fc0682e2d50732e309e963e77b2cfa5e98c272ef2aa80e11,9,9,9,1000,0.030000001192092896,0.9957477110438049
Tug/Tug_2.jpeg,3b38868c1484e4bd75643e5117fb69343ecfd0cece0abed24564e6cc49cc2e3e,9,9,9,1000,0.030000001192092896,0.9931491555180401
Tug/Tug_20.jpeg,7bb007e5a92fd22eff29268d0d9f46914187d0880b7ae0140cb63b577cabf30c,9,9,9,1000,0.030000001192092896,0.9965258938027546
Tug/Tug_21.jpeg,411e1af68508cae33fa4d9f31299ba40c2a134297c429c24ab43853d78192ba5,9,9,9,1000,0.030000001192092896,0.997862936288584
Tug/Tug_22.jpeg,62e533e4751deae2762ec65463892f7bfb8fb15feb00354097bf08d53243493f,9,9,6,2,0.030000001192092896,-0.7975213006138802
Tug/Tug_23.jpeg,a75b8ca248df5fa870a3cf6f57b04c89c9df37d5db233e70a9298777dafc5cc3,9,9,6,155,0.030000001192092896,-0.00013136863708496094
Tug/Tug_24.jpeg,12992c1928cc50cf4a417d2360882d27fcebb3b9693c3e9acc2cd3078397e91e,9,9,9,1000,0.030000001192092896,0.9998950864719518
Tug/Tug_25.jpeg,b2d465796fdbf56d964fa1b626ac74b3c0fa23732b124233374ea64f916037ba,9,9,9,1000,0.030000001192092896,0.9981786934076808
Tug/Tug_26.jpeg,2681bf61a8dfae87aa60d0c056c96d203f1d49ea173b6022fd01dcb9b3efcd90,9,9,5,776,0.030000001192092896,-0.0026902854442596436
Tug/Tug_27.jpeg,2be5722973952bd9332a7743208f8c445e01972bd7da8a77bc59f0c12ec4a463,9,9,9,1000,0.030000001192092896,0.9999591659361613
Tug/Tug_28.jpeg,2ed2f1852a358e71f98fe104e2098a1c3041c0dda64518e739954843e9129fa6,9,9,9,1000,0.030000001192092896,0.8323476687073708
Tug/Tug_29.jpeg,4a125b42127c1bfc5543bef2b0cfe8adbbf22ca3e00de37416925427807db56e,9,9,8,463,0.030000001192092896,-0.0013222992420196533
Tug/Tug_3.jpeg,d90aac5c623af1dcddb0e679e66799396610efd7a2f7c763afeabc1f9b186af3,9,9,9,1000,0.030000001192092896,0.9993579080328345
Tug/Tug_30.jpeg,b5563c231471e9d5369f83bbae625234c7de30955b17da643603b6b30ca40005,9,9,6,493,0.030000001192092896,-0.0004329085350036621
Tug/Tug_31.jpeg,6c5504cc929ae36bd4e3a42c66b09b8ab03877a5504cbdadbcefdb02fd61c404,9,9,9,1000,0.030000001192092896,0.907023910433054
Tug/Tug_32.jpeg,b2806a5dd9260efa57b6446a27c011059fa61b7dcbb9e46bf8ec29b76f2c403e,9,9,6,12,0.030000001192092896,-0.0028381943702697754
Tug/Tug_33.jpeg,c370810fadff3ae176e2318e013e16174efab71d1e7d3b505560b096f55a1146,9,9,9,1000,0.030000001192092896,0.9972495385445654
Tug/Tug_34.jpeg,9afd020571ad9255b434e2a8e9f365a9c3674167348d621db80eb9d8ba0f71c2,9,9,9,1000,0.030000001192092896,0.9991768973704893
Tug/Tug_35.jpeg,7a3713f689876db06d9381dcce3cc1805c8e99f3900856273308483e377bdf93,9,9,0,32,0.030000001192092896,-0.013968050479888916
Tug/Tug_4.jpeg,adb600aacbb036542fea2569e44de04e64ca42aa205e34e1dfea3f1e00c1a956,9,9,9,1000,0.030000001192092896,0.984956678468734
Tug/Tug_5.jpeg,04c70b48010fa55a5a7becae035cdff7ecb2a510c9c32ab4a470922df048858a,9,9,9,1000,0.030000001192092896,0.9759614877402782
Tug/Tug_6.jpeg,e0307295142f4244e9a98a42c372a400f689eb45ac4521df2dc33181eb5b21af,9,3,3,1,0.0,-0.9926553384866565
Tug/Tug_7.jpeg,ebb001059c6c486e257b62f9c4f42650582ef258212ae2620b0c26398d3f630a,9,9,9,1000,0.030000001192092896,0.9974937059450895
Tug/Tug_8.jpeg,f4c4bb413766110b66e96a94eeb6aa0224585af1bad2361a598da29a15462aae,9,1,1,1,0.0,-0.39971065521240234
Tug/Tug_9.jpeg,e71ff3d866ae871a7531f7361cbe58142b059b09d67c0c7b5367f2b3d8c3b6ce,9,9,9,1000,0.030000001192092896,0.8547198250889778
